"pagina","texto","error"
1,"1 as Luna TT - - i ' : di Ma et . -
pe day MD era da dats Gil le ia dE a de Ei
ad ee VE EU SIÓ EG ia or dat OT ET NC A PRAT RE EL
ditas HE, a US es) omanpe, Bo qiRa, MI ES Era ta apre a Eu
i LO Taadi ds, da P NE 0 dP Bes Ti i ds Eu Lis Ll h i t
SS EPS I SI LD Em inEllbs P a LI Lia eterns d'el a Va ei
madre P La ed AL Da ai a DO EC SE ) DE
pa P Pola dP Tn CS Tu Qi EE RAE Se Lo dema ts vs ai Ci El
Pd ola £ As tens Le À 21 Ú iva E de iris
1 Es EL hl : da, ela, Dt Tn xv ee lar ció asi, ee 4) 1 beca 2 d A 4
Ei : dd US DbS, . : ra dg a Pen
a is . 8 . 43 Ús h di , A ac a des i EI pr
xi Mg, ran ac a,
, 4 - Qu do real
St - Ca Se
: . - aj 41 ENS ús
res dt eeni sa pla,
4 7 a crei ell
- . ni , 3. d Frel Bat
L ef cie S
. - i esa Es qni v
d ali Ri É
L 4 . Uies I Cadet
- OC d'EL, Tall Mi i
sn 4 He La —
4 z a
gi qe h 3 sé mn
i ai
Ú ui i
é - I EL -
Us 3 db — va
de - rara
pu i . P2 ra EM)
ds 1 cc. C'DME
: La en 4r EPA
h L A Ra a I
4: A
, L Et 3. de
i My ar VU
4, h 5 4 : RS hi
b Tv 8) / al EU
4 ap - - edi:
- rr
— RONDAYES MALLORQUNES
4 Li n au
-4 h . d'o FE)
L ai hi.
air Ai Ta
4 Ad — Dis
qe Da EN
j 4 As a
: dE
ar : h LL
Ps,
A 1 dx a Ll
A
I 'afiea
a uel Pe
: 1 x sa Mai
0 a EE
1 : - La Le
s ha - ig
N di hici En
P: as de
i Stel
, 6) h a P,
e IA
i És 1 dd
Í i Eu
- 4. s'a
A I I ed
as i I AE al
a qe a,
(e2 ri Ec
: sa a
x- hd A em,
- - Ú i L a h di
1 1 4: Ne TE
3 aa
NS ries / LS PL
3 . A — a E
dies sn a És SE
Ri. : en, - M Apa Pi Et,
sn. h 5 R o . L: Pégeis P
LL ed hg de, cn pa Te A 3n
: 1 4 , ras SL A : a. A Dn :
(ED, bc du dmbles MARANA GERS EA MI AL aires Bes TN
",NA
2,"RO Y7905L l
APLECH
DE l
Rondayes Mallorquines ——
DE ,
Mn. ANTONI M."" ALCOVER i
RE eriga :
TOM II Lc i
TERCERA EDICIO dE y
AMB LLECENCIA DEL ORDINARI
AmÀriia ML
BE
CIUTAT DE MALLORCA
ESTAMPA DE MN. ALCOVER
1y40
l e RA BSÓ
",NA
3,"en, de 4/4 I hi i v gia) Te ""al

Dl Pilar Laia Cer eli MEU var el ret dE MT pd die 3 A De absis
os aa ae Ce as TES ES Ó ) dema DE RED i
LE i PA mil Ot ea ales Dia a: BEL TD Cd di de a leoeranl
Ag: EN Da aa ET Da UR ON MO es):
dr rèitel dt i Dl Et Pe atra e,E menes LE): dra gi É
paro yi Ds a : teu ç er — sa led Es 3 x a J en ds I I Ui, en 4 4
Ninss L : it Pel d - Dir: ya Bel cs da i
ss a - ri : L ta ut at
eres ""Mb, d . - et
es a la N . . L
hits hi Í 5 78
si Ei 4 . de nrrbl
Ed — M A di
i i - ale
der"" ——— j
40 Li Aquesta obra es pro- i
Es Pena piedat de l'autor qui's re- a sl
ni : serva tots els drets que la P Esh.
ss lley li concedex..
Fig , 4 t - Ú
PS dalgi:
te A i
ah qe j . 4

ac : ria ei
a Zen a)
É : M
ne er
da f i — Ec
a Tia Pe

Ep, - Da ia i
re i L s .
""a (
8 dP ed
Mesa F Ó
É . , si

Pal i 4 : 4 Re 14
na 6 3 may . Ll qu y
. Ú: Li . —y é. j cal
ee Par li, al A t:
a a, Ó re. 7 . EL
",NA
4,"I
Ll
i
L'driela
pp LA
EN PRRR TORT Ò Ll l
l'e
— ——al ee ha — / / I
Xò era un rep que no més tenia una fia,
s'atlota més llesta p sabuda qu'escaufava'l
sol. Sabia des Ílim de ses olles, tenia llen-
go per setze, p per coses envitricollades que li
diguessen, map la porien confondre ni capturar.
Son pare va fer unes dietes: qu'es fadrí que li
diria una endivinapa que no sabés desllatigar, se
casaria amb ella. Ara si la desllatigava, a n'aquell
que la hi hauria dita, l'havien de fer xerop de ses
dues orepes.
Ja'u crech que comensaren a presentars-hi fa-
(1) La'm contaren ma mare, el sén Pere Gotze de Manacor,
n'Antoniet Socíes y Morell de Lluchmajor, D. Juan Feliu, misser, ,
de la Ciutat de Mallorca, y el sén Toni Nebot, Leu, de Son Ser-
vera.
T, M.—l.
",NA
5,"6 RONDAYES MALLORQUINES
drins p més fadrins, p hi anaven es més desperts p
que pretenien més de cames primes, p bé n'hi de-
pen d' endevinapes enrevisclades p fondes, pero
ella, encara no les hi acabaven de dir, com ja los
ho entimava p'es morros, desllatigades.

Y allà hi havía dos criats amb unes tisores de
tondre per hom, amb una mú, p amb s'altra ja me
tenien es pobre fadri p'es cabeps.

—No esperonetjes, (li depen) Si no vols que't
devallem un tros de galta.

Pegaven estreta, ses tisores fepen .rííic1, p ses I
dues orepes botien en terra, ratjant sanch, p es
pobre xerop e-hu donava a ses cames abans de
més raons, Y corria fins que tenia alè.

Y per molts que n'hi anassen, p per desxondits
que fossen, a tots sa fia del rep los dexava en es
siti, y ses tisores des criats n'havien de fer de fep-
na per llarch. Per ont se vupa un s'en anés, no
vepa més que fadrins xerops.

l —qAXÍ va axòP arribú a dir un bergantellot
d'un llogaret, Pere de nom, fip d'una pobra viuda,
més trapdor qu'un gat negre, més embupós qu'una
colla d'escrivans, tòrt d'un up, pero que amb so
que tenía condret hep vepa més qu'els altres de
quatre en quatre, per dematí que s'axicassen, Y lo
bo era, que Si no'l sospesaven bé, parexia una
galin'orba, un beninoni, un benept: però no més ho
era per no pagar s'hostalatje.

—d4AXÍ va axò2 diu ell. çA tots lostan xerops2
Ara veurem Si m'hi faràn a mi.
",NA
6,"I
EN PERE TÒRT 7
Un dia, agafa sa mare, qu'era una mica puran-
da, p li diu:
—Ma mare, he pensat d'anarmen a dir una en-
devinapa a sa fia del rep, a veure si la'm fas
meta.
—jO fip meul diu ella, rompent en plors.
i Que t'has begut es senp2 jDexa anar axò, fip
meul 4 Veus que tants com n'hi son anats, tots son
tornats xerops, p ara hi aniries tu, a fer caramull2
é Tan mal a pler les tens a ses orepes2 '
—Ma mare, (diu ell) no us cal plorar ni ferme
es cuch de s'orepa malalt: allà m'en vatx, p forist
Si voleu res de ca'l rep, digau-ho, que demà dema-
tí, abans de s'auba, ensellaré en Baulos ç de d'allàl
En Baulos era un ase retut que tenien.
Sa mare, com el sentí, va fer un escàndol, s'
esquixé's rebosillo, se rapú sa cara, s'estirava 'S
Cabeps, va alsé's carrer: no hi poria allagar es coll
a que's séu fip se'n hagués d'anar per esser xerop I
tota la vida.
—jA ne quil depa a ses veynades, qJo m'esti-
maria més veure'l allargat dins es baul, que sense
orepaml Ell que ja es tòrt, p llevò xerop, jo qui-
na faristea que faràl jMés m'estimaria veure'l amb i
sa mortapal
Una vepnada, que s'hauria rigut d'un enterro,
li arribé a dir:
—Lo millor que pots fer, fieta meua dolsa des
meu cor, es una coca amb matzines: la hi poses l
",NA
7,"8 RONDAYES MALLORQUINES
dins ses bapasses, ell li donarà clau, batré's peus,
y no t'haurús de veure a s'afronta de tenirlo xeroy
tota la vida.

—Trob qu'has pensat bé, (diu sa beula).

Va fer sa coca amb matzines, p com en Pere
lo'ndemó, abans de s'auba, li diu: —Hala, ma mare,
Si voleu res des marxando: ja malavetjareu a estar
boneta, p amb Deu siau, —ella li feu de resposta:

— ja veuràs una coca dins ses bapasses, que 't
hi he posada per passar es camí: té bonda, 9 Deu
te guart de perill.

—Amèn, diu ell.

Pega bot demunt en Baulos, P ja's partit, daxo
daxo, cap a cà'l Rey.

Camina caminarús, devés les onze s'animal ja
no'n volia pus, P, Sense dirli óz, s'atura devall un
upastre que fepa un'ombra ben espessa. En Pere'l
desensella, el ferma. Perque'u trobava massa prest
per dinar, prova de dormir una estona, p quedà
més adormit qu'una rabassa.

En Baulos no'n tenia tanta de son: sa fam l'al-
sava en pes, Y no vepa papa ni herba en lloch
ahont abordarse. Sentí s'oloreta de sa coca, afica
es cap dins ses bapasses, la troba, p ja'u crech
que no li tocà voreres. :

Tan maleptes eren. ses matzines d'aquella coca,
que, tot d'una que les tengué dins el còs, el téren
tornar blau, capgué en terra, P Cosses P Cosses, P
aviat hagué axamplats es potons,
",NA
8,"EN PERE TÒRT 9
Amb aquell estabetx se despert en Pere, el me
veu. El se mira una bona estona tot astorat: Se'n
va a ses bapasses, P Sa coca no hi va esser.
—jAnh polissó de Baulosi (diu ell): ja éts tu que
la t'has menjada.
Se'n va a obrirli sa boca, p encara n'hi afinó
bocinets encletxats entre quixal p quixal.
—No hi ha remep, (diu ell): la t'has menjada .
a ella, però ella t'ha mort a tu. jja hi bouetjarés
un'altra vegadal
Com prou va haver pensat de quin cap faria
estelles, dexa 'n Baulos estés p seguí cap envant.
Afina dos corps que se 'n venien vola qui vola,
passen p'es seu endret, los segueix amb sa vista,
p veu que se posen demunt en Baulos, p espipe-
llada vé, espipellada va, se 'n atepiren fins que no
pogueren dir pruna. 3
—Ell pareix que 'l troben bo,-depa en Pere,
que s'era assegut P los vetlava. i
S' alsaren, p de d' allà, p ell derrera derrera,
sense perdre-los de vista, P notú qu'anaven sor-
rers ferm. Aquells animals tenien cosa.
Vaja si ""n tenienl sa -carn enmatzinada d' en
Baulos dins es gavatx, que al punt los feu tornar
tota sa sanch més negra que ses seues plomes. Ç, l
acabats de tot, capgueren sechs, docentes passes
devant en Pere. Ell se'n hi va corrents, però ja hi
trobà dos barbatxos, que justament passaven,
—Mirau, germú, (li digueren) quines galines
",NA
9,"10 RONDAYES MALLORQUINES
negres mortesl No, pç mortes de l'hora: encara
son calentes.

Y les tenien, p los paupaven sa còrpora, p les
ensumaven.

—3iSi son dos corpsi depa en Pere.

—e Corps2 jdues galines son elll

—iVos dich que son corpsl jSi jo los he vists
caurel

Bé va fer en Pere, però aquells no'l volgueren

. Creure.

Fort p no't mogues qu' eren galines, les plo-
maren, feren foch, p les varen torrar sense esmo-
carles, P Zas, Zas, les se calaren com a murtons
de floquet.

Més redons que porcellins, s' ajegueren, y al
punt comensaren a estar mal a pler: tornaren
blaus, ja no tenien posa en lloch, se bolcaven p' en
terra, fepen sabonera, p des cap d'una hora ja va-
ren haver donat a rebre.

—jBesties, més que bestiesl depa en Pere.
iMés se'n merexenl jM' haguessen cregutl Y no
es que jo no los ho digués qu' eren corps, que los
farien mal, però ells, caparruts, sèt n' han entra-
des, sèt n' han d'exir, los s'han volguts clavar
dins l'ànima, Y.... ja los hi ténenl

Com prou se va esser descapdellat contra es
dos barbatxos, digué:

—Però jase de mil Me planch dels altres, p
som jo que necessit plànper. Es s'hora baxa, p
",NA
10,"EN PERE TÒRT ti
encara no m' ha passat res p'es canpó, p he per-
dut tot quant tenia. No, p Si no fas es cap viu, un L
pur desapre me'n durà a veure Sent Pere, abans
d' arribar a cà 'I Rep.
L'homo partí sense sebre cap ahont, cerca
qui cerca qualque cosa que menjar. Sa fam li tepa
veure bellumes, tenia tombs de cap, no Sabía ahont
posava es peus.
Y heu de creure P pensar que sopega a una
pedra redoladissa, p ja 'Í tenguérem de copes.
—3Re cent mil dimonist. diu ell... jMalapendi Í
sa pedral
S' axeca, l'agafa, p tot rabiós la tira amb tota he
sa forsa a una penpa que hi havia, trenta passes
envant, P pegú dins una espareguera que sortia
d'una encletxa, Justament hep tengué's jas una lle-
bra, Ç l aplegú tant bé, que 'n feu una coca.
En Pere se 'n anú ú mirar Si sa pedra polissona
s'era feta llenques, p me troba sa llebra morta p i
esclatada.
Aquella llebra estava pera fer sèt llebretones.
—3jVaja quina pedrada més avengudal diu en
Pere. jAxÒ se diu tenir. bon dretl Sobre tot, ja
tench per dinar y sopar. Bons siguem noltros, que
Deu no falta.
Fa foch, p com tengué una bona caliuera, e-hi
tira sa llebra escorxada p ses sèt llebretones. Com
foren ben torrades, Zas, Zasl les s'enfloca amb
quatre roechs. 3
",NA
11,"12 RONDAYES MALLORQUINES

— No res, (digué torcant-se), jaguem una mica,
p sa panxada toaró.

S' ajèu, p des cap d' una estona cop en sech ja
està axicat, p se péga un esclafit es mitx des
front,

—3jRe cent mil carretades de carretons de dimo-
nis bopetsl digué cridant com un loco p fent uns
bots fora mida, jRe cent mil quèrns de guimesi
Jo que no me'n era temut, p en lo que m'ha suc-
ceit avuy, tench s'endevinapa composta per dir a
sa lia del repl... jCoca mata Baulos, Baulos mata
dos, los dos maten altres dos: me'n aní per un ca-
mí, vatx tirar al qui vepa, vatx matar el que no
vepa, P m'en vatx menjar sèt que no eren nats..,
Messions gòs a qualsevol, que no n' hi han dita
cap, a sa fia del rep, d'endevinapa com aquesta,
Me pareix que no la se treurà tossint, Y que, per
bé que s' espols, no la S' arruxarà a n' aquesta
mosca, Sobre tot, im"" engana que sia jo es xerog:
me sembla que serà ellal £Quin possible es que 'n —
trega aguper d' aquest cap de fil tan envitricollat2
Coca mata Baulos, Baulos mata dos, los dos ma-
ten altres dos, me'n aní per un camí, vatx tirar al
qui vepa, vatx matar el qui no veya, me'n vatx
menjar sèt que no eren natsl... No res, ja té, va
dit en Trompa... P tenía sa cama de s'ase, però jo

Ú confip d'arribar a tenir un"" altra cosa més preni-
dora: sa mú de sa fia del rep.

En Pere, més xalest qu'una fadrina que li par-
",NA
12,"EN PERE TÒRT 13
len de casar, s'ajassa baix d'aquella penya, hi va
fer la nit, ç lo 'ndemà ben dematí se posa ses
cames en es coll, p de d'allà cap a cà 'l repl
Camina caminarós, hep arriba demunt les onze,
p troba un parep de criats a sa carrera, pÇ los es-
comet sense més revolteries:
—jVench per dir una endevinapça a la Prin-
cesal l
—Germóú, digueren es criats, com el véren tot l
polsós, tòrt p mitx afortunat: £Y que no sabeu a ne ús
que vos esposau2
—A esser genre del Rep, respòn ell, sortint
com un pinyol de cirera.
—Y també a romandre xerop de ses dues
Orepes.
—I Ell no 'n deu xeropar cap que no hi sigal
—Es ben segur. l
—lIdò dexau estar s'ansia per mi. Voltros avi-
sau sa fia del rep, que aposta vos ténen aquí, per
fer ses fepnes que's presenten, p no'us afiqueu
allà ont no vos demanen, si no hi voleu esser de-
més. :
Es criats baxaren bandera, Ç van a dir a n'el
rep lo que passa,
—Digauli qu'entr"" (va dir el rey).
En Pere entra, p li fa sa cortesia,
— $Se conté veritat que vols dir una endevi-
napa a sa meua fia2
—Sí, senyor, p de tant que'n fris, m'escapa.
",NA
13,"14 RONDAYES MALLORQUINES

El rep el se mira de dalt a baix, p li va fer
mals averanps.

—Tòrt p mitx afortunat, (va dir entre sí me-
teix), ifiauvos-ne que no se'n trega qualcuna que'l
dimoni que l'endevinl jiNo mos ne manearia al-
tral Però no hi ha remep, paraula de rep no pot
mentir.

Crida sa fia, li diu lo que passa, Q, si poch
havien agradat ses ombres d'en Pere a n'el rep,
manco agradaren a la Princesa.

Féren venir es criats amb ses tisores, p s'en-
tregaren ben pèus alts, perque'n tenien unes ga-
nes rabioses de ses orepes d'en Pere, veentlo tant
desentreit p falaguer de llengo.

—jHala, amollalí, tant que'n frissest (s'escla-
mé'l rep, malambrós).

—Ja li amollaré ja, (respon en Pere), p aviat.
Vetlataquí, sa meua endevinapa: —Coca mata Bau-
los, Baulos mata dos, los dos maten altres dos,
me'n aní per camí, vatx tirar al qui vepa, vatx
matar el qui no vepa, P me'n vatx calar sèt que
no eren nats, I

Sa lia del rep vos assegur que la s'escoltó bé
a s'endevinapa, P que hi pos tots es cinch sentits,
p més que n'hagués tenguts, per afinarlí sa lli-
vanya p aglapiria, perque s'estampa d'en Pere li
agradava tan poch com a un gat sa ceba crua.
Però ell no hi va haver dona, no va esser capés
de ferlí res,
",NA
14,"EN PERE TÒRT I5

Veentse més embuyada qu'un escaravat entre
borres, p per veure si mentres tant trobaria por-
tell o forat, digué, des cap d'una bona estona:

—Veypam, torna-la dir, que me som distreta un y
poch com la m'has dita, pY me son fuptes un parep :
de paraules.

-—No res, respòn en Pere, ja la tornaré dir, .
no'm costarà gapre, però qu'escolt bé, per amor
de Deu, P qu'estiga amb mi V no amb sa paret.

Sa meua endevinaya es aquesta:—Coca mata Bau- I
los, Baula mata dos, los dos maten altres dos:

me'n aní per un camí, vatx tirar al qui vepa, vatx

matar el qui no vepa, P me'n vatx calar sèt que 4
no eren nats. i

Y ja tornàrem tenir sa fia del rep capficada p i
pensa qui pensa: un cop ficsava'ls ups en terra, un
Cop a ses bigues. Allà li haurieu vist terlí fer fep-
na a n'aquell cap séu, P lo meteix d'un cà afame-
gat que li tiren un òs, P s'hi aborda amb ses bar-
res, p li clava ses dents, p les se fa croxir amb
ses estretes que li pega, si veu que no li pot en-
trar ni esbrellario, Ç el tira, P el torna pendre, PQ
el torna tirar, Y arriba a estar rabiós de tot, que
se tornaria a un puat, lo meteix li succeí a sa fia i
del rep amb s'endevinapa d'en Pere, Bé n'hi donú
de voltes, bé la se mirà a sen endret p a sen re-
vés, per demunt p per devall, per devant, per der-
rera p p'es costats: en lloch li afinó llivanya ni li
pogué veure jens es demble, Bé s'hi va rompre
",NA
15,"16 RONDAYES MALLORQUINES l
ses banpes: no la pogué desllatigar, ni va sebre
per hont hep anaven.

La dona suava a les totes, son pare p sa mare
tenien calfrets, tots es de la cort estaven astorats:
en Pere es més xalest del mon, rientse de la feta
p dient amb Sos ups, si no amb sa boca:

—jAp pdòl jidauli terra a n'aquest cepl jAra'u
veurem qui serà's xeropl

Des cap d'una bona estona, digué amb to de
fisconada:

—Sobre tot, ell la puch tornar dir, si no l'ha
entesa bé: p si amb ses dues enfuptes que li Ha
pegades no la s'ha poguda fer seua, per ventura
amb sa tercera la s'hi faré.

i La princesa no obrí boca. El rep, per allò que
no se pogués dir que no hu havien provat tot, va
respondre per ella:

— No res, torna-la a dir, Si no t'ha de sebre
greu.

—iA mi greu2 (respon en Pere) n'estich
ben lluny. Vaja, pdò, qu'escolt bé, qu'espedesca,
P no tenga pus sa porfessó entretenguda.

Tornú dir s'endevinaya. Se fia del rep ja no
cernia de son cedús, es cap li bronia, no hi vepa
de cap bolla, va acabar es menuts de tot, tornà
més blanca que la paret, torcé's coll, capgué de
baticor...

La se'n varen haver de dur, just morta, dins un
llit, y se crepen que passava.
",NA
16,"EN PERE TÒRT 17 :
A forsa de banyarli es polsos d'apgordent p de
ventarla, l'arribaren a retornar. — I
El rep, com prou va haver sucats ets aps amb Es i
sos de la Cort, per desterse d'aquells trumfos, l
agafa dos criats, p los diu: l
— Menauvosne en Pere a passetjar, mostrauli /
totes ses coses més de veure, veam Si, Xarrant l
Xarrant, li arrebassau encara que no més sia mitja l
paraula, d'hont puga pendre punts sa meua fieta l
per desllatigar aquest dimoni d'endevinapa, que l
mos té a ses tres pedretes.
Es criats se'n hi van, p li diuen: l
—jHomo, Pere, anem a passetjar una mica p i
mos estirarem ses cames, que sempre es bol
—Jo les teneh estirades demés, (respòn s'es-
tornell). Tant hep tengués es gavatx, que tot son
rues, de bupt que'l duch. Voltros abordaume un
plat d'arròs, maldement no sia engrogat, p un
tassò d'un forch de vi, dexaume fer amb ells una
estoneta, v llavò ja mos passetjarem tot quant
voldreu.
Es criats li aborden un plat gran d'arròs p un
tassò de vi d'un forch: amb quatre grapades ja los
hagué esbessonats, P, torcantse, diu: D
—jAra passetjem-mos tot quant volgueul
Y ja foren partits, volta qui volta carrers: P
el menaren per devant ses botigues millors, per
alló ont hi havia més bon casals, per ses iglesies
més grans p més adornades, per tots"" quants de
",NA
17,"18 RONDAYES MALLORQUINES

passeps p jardins saberen: le hi mostraren tot, Y,
com se crepen veure'l més descupdat, bé prova-
ren per tots es vents p capres de ferli sa garango-
la p sa traveta, ab mil preguntes lo més afuades p
trapdores, però en Pere no se dexú acostar d'un
quart llunp, p sempre sortia a un altre tancat, com
li demanaven de s'endevinaya. No li pogueren fer
sanch, tot va esser rentar es cap a s'ase, perdre's
temps p es llexiu. Y es que ja 'u diu s'adagi: esi
sa bistia no va de beure, no hi ha que siular.2

Veent que 's siular era per demés, cansats p
morts, p amb so cap que los fepa rum-rum, se'n
hagueren de tornar a cà 'Í rep.

— Senpor rep, (digueren) ell no li hem pogu-
da treure mitja parauleta qu'es mitja parauleta.
Com li demanavem d'Andratx, mos sortia a Cap-
depera. iNo hauria d'esser tòrtI

— jja serú una bona passada aquestal depa 'l
rep, remenant es cap, Ç amb més ganes de pegar
que d'altra cosa. /No hi ha remepl jLa mos fara
aquest diantre d'homol jPobra fieta meual

Com va haver cridat p aspergiat una bona es-
fona, agafa 's metexos criats, p los diu:

—No res, anit menaulovosne a jèure amb vol-
tros, a veure si en estar mitx condormit o ador-
mit de tot, a forsa de ponpirlo, n'hi arrebassau
cap, de mitja parauleta, que puga donar jens de
llum o fum a sa meua fia, per sortir des mitx des
fanch. .
",NA
18,"l x
EN PERE TÒRT 19 é
—Bè, no tenga ansia, (digueren ells), farem l
tot quant sabrem. I
Agafen en Pere p li diuen:
—3Hala, si sopaml
—ijSopem (respòn ell).
Se posen en taula, p hala, enforna qui enfor- 3
na, P allé li abocaven vi per llarch. i
—jBeu, Perel li depen, jara que hi étsi
Lo que cercaven era engatarlo, però ell, sem- I
pre responia: si
—iCompés çp viurúsi S'ase p tot e-hu coneix I
com li basta, £V noltros no hu conexerem2
Ell no foren capasses d'aficarle-hi a.n'es gat l
dins s'esquena, g no es que no tessen tots es pos- i
sibles.
Se'n van a jeure, el se posen a's mitx, Q un l
Cop un, un cop s'altre, no s'aturaven de ponpirlo l
y de dirli: da
—jPerò, Perel sper que no la m'has d'espli-
car a s'endevinapa, ara que som tots sols2. qEs- É
plicalem, petit, a s'orepal iVaja, ara que ningú
mos sentl jAra que s'altre s'es adormitl i
—La nit es per. dormir, el dia per trebapar, i
depa en Pere, p se girava de s'altre costat, p bons
roncosl i i /
Des cap d'una estona, aquell ja fepa com que /
dormir ben arreu, p s'altre ja tornava: 14)
—jHala, Pere, si la m'espliques a mil jNo 'u El
diré a ningú: jt'ho prometl Ja s'es vist ben clar que J
x I
",NA
19,"20 RONDAYES MALLORQUINES
no s'hi pot posar amb tu sa fia del rep. jSi no hi
ha homo per tul jben bé que s'es vistl jVaja, es-
plicalem, tan amichs com soml jVajal

—La nit es per dormir, el dia per trebapar,
""tornava dir en Pere, p ja 'l teníem girat de s'altre
costat, p bons roncosi

Bé 'Í ponpiren, bé li borinetjaren a s'orega,
bé varen gremoletjar, però no li pogueren treure
sino que la nit era per dormir p el dia per trebapar.

—Senpor rep, digueren es criats lo'ndemú
dematí: ell no tenim res a n'es fus. jEs el reve-

dl rent dimonil jiHep perdrà amb ell tot quant hep
posaról

El rep no sabia per hont pendre ni que ferse, P
en Pere que s'hi presenta, p li diu:

—Senpor rep, pactes son pactes: sa seua fia
vup, la m'he guanyada, p cadascú que tenga lo
qu'es séu. 4No li he dita una endevinapa que no
ha sabuda desllatigar2

I —Sí, pero també es una casta d'endevinaça,
que no sé d'ont la t'has tretal ..

—La m'haja treta d'ont la m'haja treta, ha
bastat per capturar sa seua fia. 4 Es aXí o no es

axí2

—Es ver...

—Ydò que se cumplesquen ses dietes que Vos-
tra Real Magestatiha fetes.

El Rep se donú per perdut, crida sa seua fia p
tota la cort, p diu:
",NA
20,"EN PERE TÒRT 21
—Paraula de rep no pot mentir: vaig promete XL
sa fia a n'es qui li diria una endevinapa que no sa- A N se)
bés desllatigar. En Pere la hi ha dita, amb en Pere Ú /
s'ha de casar, pÇ n'hújam rallat prou. i S
Ningú gosó contradir, però s'alsú un gros rum — 4
rum. ba I
—jPobra tieta meual deya 1a reyna, tent sa lla- ——/ I
grimeta, — iPobra princesal depa tothom. Qui. —
la hi hagués hagut de dir, qu'havia de parar a-n l / I ,
axòl jAhont s'es vist map una fia de rep haverse I /
de casar amb un tòrtl J i
—jA poch a pochl va respondre aquí en Pere. J
iSi som tòrt, e-hu som per desgracia, per un cop
que vatx errarl
— gQue vol dir, per un cop que vares errar2
demanà'l rep.
—iQue vol dir per un cop2 demanava tothom.
—Jo vos ho contaré amb quatre paraules, (res-
pòn s'estornell), p voltros metexos ja direu llavò cs
si amb raó me poren dir una paraula perque me
falta un up. Ydò heu de creure p pensar V pensar p
creure que en es meu poble, qui més qui manco,
tothom es afectat de dols, P, per no fer tant de I
llapt, en lloch de pegar ú n'es sucre, que per alló 3
no se'n hi fa, p. l'han de comprar si'n volen, pé- si
guen a sa mel, que'n poren tenir a voler, si armen
un banch de bepes. Qui no pot armar un banch,
arma lo manco una caera, si es tota sola, la solen
tenir dins es corral, Mon pare, que Deu tenga, n'hi
T, H.—2,
",NA
21,"Ec EE de a da EEES ea OR co Na i P dr Dia i ct a DE EE de A
22 RONDAYES MALLORQUINES
tenia, però se va morir com jo no fepa s'alsada de
tres ous, V ses bepes s'aboliren. Tot d'una que
vaig esser atlotell, ma mare m'agafa, p me diu:—
l A veure si trobes cap exam, armarem bepes, que
també es massa sobrat no haver de tenir mel per
: sa despesa de la casa.—No tengueu ansia, (Vatx
dir jo): dexau que s'acost es Bril.—jEs Brill diu
ma mare. jCa, homo, no has de tenir tanta patxor-
— tal Sempre sentía a dir a ton pare, (en gloria sia
 p tots los morts) qu'a mitjan Mars ja comensava's
triquet d'examenar.—No res, (vatx dir jo), que
s'entrech en Mars, p dexau estar s'ansia per mí,
que, devota poreu esser vos de sa mel, però jo
no'm don per ningú. Arribà mitjan Mars, Y ja
som partit cada dia de bon sol, ja grandiet, cerca
qui cerca exams, perque lo que's diu aquests revet-
, lers no van d'alsarse Si no veuen bon solep. Jo'n
I trobava a balquena, però e-hi havia banch o cae-
ra devora: mirava si era vuptanta passes llunp, p
ses vuptanta map arribaven, P m'havia de pegar
un Cop a la barra, perque ja's sab: sa llep es que
s'exam posat a manco de vuptanta passes, de
baneh o caera, es de l'amo des banch o de sa cae-
ta, ara Si passen ses vuptanta passes, es des qui
primer el troba P l'axeca o hi dexa una senya. A
dafi en trob un, com sa cofa d'un capell, que no
tenia banch ni caera cent passes al redó. Deix se-
nya, me'n vatx de quatres a dur una caera, l'a-
xech, P Cap a cà-nostra, P ma mare ben contenta.
",NA
22,"EN PERE TÒRT 23 $
El pos dins es corral, Y ja es partit a trescar. Es
vepnats, envejosa qu'es sa gent p no poren sofrir I
qu'un úls xella, comensaren a dir: —/ ES/ jsa viu- A
da qu'ha posades bepesi jno n'hi mancava altre l
per maleriar es seu fipl jE-hi perdrà s'ase p ses X
magranesl —Sobre tot, los va caure tant tòrt, que I
se'n vénen un dia plegats, p mos diuen: — Heu po- i
sades bepes, p ara se meselaràn amb ses nostres, I
les mos desbarataràn, p el dimoni meteix no serà
capús de triarles, p es mancabs seràn nostros. Si
no les llevau abans de més raons, anam a donar
part cuantra voltros. —çAXò es totP vatx dir jo. —
éQue trobes que no bastaP respongueren ells, amb 4
uns ups que los espiretjaven.—Ell no hu paga es
parlarne. ç Teniu por de que se mesclen, p de lla-
VÒ no porerles triar2 No res, jo senyaré ses meues,
p es mal serà mort: Dit p fet, me 'n vatx a com-
prar un dobler d'aumúngara, la pòs dins un tést :
amb apgo, fas un sopasseret d'unes quantes cer- í
res, p lo'ndemú dematí, abans de sortir es Sol,
me plant devant sa caera amb so sopasser muvat :
amb una mà Ç es tést amb s'altra. Comensen a sor-
tir bepes, P, tantes com en sortien, los fepa una
creu de Sent Antoni demunt s'esquena. Justament i
en sortiren dues d'embolicades, P no més vatx po-
der senyar sa de demunt. Pitx derrera s'altra, amb :
So sopasseret mupat, per veure Si li arrib p li fas
sa creu, Y ella de d'allàl, Y jo derrera ella, Ç hala
qui hala per envant, p sa dimoniera que no des-
",NA
23,"RT EA REI ez Dra CU ON RE et DB i U
i 24 RONDAVYES MALLORQUINES
mapava gota, P jo que hu havia de fer de tot. A la
fi, dins un barranch, la vatx arribar a retre: va te-
nir la mala sort de ferir a un penyal, amb sa fúa
que dupa tota s'esclaté, p se posa a ratjar mel p
mel. No pondér jens, però en devallava un seragap
com es còs d'un homo: jo m'hi aboch, p pech una
panxada que me durú set dies. — 4 Y tanta mel s'ha
de perdreP vatx jo dir. Perqu'heu de pensar p
creure que, com més anava, més bon rop en ve-
nia: aleshores ja n'hi havia una embassada que fe-
pa leredat. Y gque fas jo2 Me pas sa mú dins s'es-
quena, me trob dues pusses, en fas dos odres, P
los umpl de mel. Sent picor a n'es clotell, grat,
trob un pop, l'esclaf, p e-hi va haver de dins un ase
amb uns escorbeps, en Bau/os, un ase lo més abri-
nat p falaguer. Li pos un odre a cada banda, p:—
jArri, Baulosl—li enfloch cimada, p cap a cà-nos-
tra. M'era fet tan enfora, que per arribarhi vatx
haver de passar per un poble, ahont la gent era
més llépola que ses serps. Jo hu vatx conèxer tot
d'una que hi vaix esser, perque vatx reparar que
tots tenien uns morros prims prims, Ç es una senya
que no ment: morros prims, llépol segur. Jo vatx
dir: aquí e-hi ha un sou que gonpar. Y ja som partit,
erida qui crida:—j Hala, qui""m barata ous amb mell
ihala, dones, una mel de primeral Bona la vatx
haver dita. Al punt vatx estar revoltat de dones,
que se'n venien amb sos ous dins es devantalet o
dins un paner, P totes volien esser devant, per
",NA
24,"TO RACC LED a Es de run is tl ge Nac: csi dl Em Pres , a NS al
EN PERE TÒRT 25 El

EI ie TE Bloc es len eco dr d Dret EE JS Dg è ea :
por de no esserhi a temps. Tota sa mel amb una
exhalació va haver volat, p més n'hagués dupta. 8
Ets ous casi no cabéren dins dos covos, los ferm i
demunt ets escorbeps, p cap a cà-nostra s'ha dit. es
Com ma mare va veure's viatje, no se'n poria i
avenir. —ç Y ara qu'hem de fer tants d'ous2—iBon :
fonopl dich jo, posau lloques, y farem una llocada

orba. Posàrem sèt lloques, Y, hala cova quí cova, La
p les axicúàvem dues vegades cada dia, los doné-

vem bon blat, Y apgo ben clara, p encara no pega- er
ven sa derrera espipellada, ja les teníem colgades

altra volta per que ""IS ous no refredassen. Dins j
ses tres setmanes de covatslos tocava es néxer, pe-

rò ell passaren ses tres setmanes, passà un més, P

un altre més, passaren sèt mesos, Y encara no hi

havia cap poll qu'hagués picat, ni se vepa senya

de res. —V Que no veus, depa ma mare, qu'aquests :
ous son de guix2 jja te pegaren bon porro, jal
iMés te 'n merepsl equi t'havia fet cocouer a tu2

Tu haguesses dupta sa mel...-—Ma mare, vatx jo i
dir, ni per axò ni per altre tant no mos hem d'apu- '
rar. dES polls no nexen perque no piquen2 Ja hi

haurú qui picarú per ells. No endevinaríau quina i

la vatx fer: pos els escorbegs a n'en Baulos P ets
ous dins dos covos, Y cap a una era s'ha dit. En I
trob una que m'agrada. Los hi esténch, prench es
Cap des sedeny, me pos a 's mitx, encivell cimada

Y altra a n'en Baulos, p s'animal ja es partit a ba-

tre, p bat qui bat ets ous. Y heu de creure Q pen-
",NA
25,"P a a a dt A da a i IC Ma
26 RONDAYES MALLORQUINES
sar que de cada ou que'n Baulos feria, Zas/ sor-
tia un pollet més sé qu'un gra d'ap p tot etxerevit,
p tot d'una ja Se'n anava corrents a pasturar.
éQue me'n direuP dins mitj hora vaig tenir tants
de polls com ous havia dupts a s'era. Me'n ho men
tot a cà-nostra, P dins un parep de setmanes no hi
havia qui s'hi oís de polles p de gallets que hi cap-
llevaven. Un dia, jo abeurava en Baulos a un ri-
bell, Y un dianxa de poll no tengué altra part
ahont picar més que sa coa de s'animal. S'animal
li tira cossa, y li engruna sa cresta. Sa ferida
pren malament, comensa a enmaleirse de bon de
veres. —Aquesta cresta mos durú un mal resultat,
diu ma mare. —Lo millor que poreu fer, diu una
vepnada, posarhi repna. Me'n vatx a un pinar a
durne, en duch, n'hi pos, sa cresta s'adoba, però
com me ""n tem, m'hi va esser nat un pi. —/ EsJ de-
pa la gent que'l vepa, jaquest gallet que li es
sortit un pi a sa crestal Y es pi que crexia més
quiuna carabassera: al punt va esser com sa teu-
lada, llavò com es campanar, al punt pegú a n'es
nigulats, p ja no li destriaven s'up. Feya un parep
de rames 9 vatx reparar que a una, un corp e-hi
tenia 'S niu. Me pos a tirarli pedres p terrosos per
descarabutar-le-hi: vatx notar que fepa un gran em-
papussat, p dich: —d Amb aquestes he d'estar2 Ja
m'enfil per sa soca, y per amunt p per amunt.
Arrib a sa primera rama, m'hi trob un hort, sa
cosa més de veure: allú uns pebrers que pegaven
",NA
26,"EN PERE TÒRT 21 el

p'es pits, allà tomatigueres com un llensol, allà ca- À
rabasseres amb unes carabasses V carabassots com l
a botes de mena, allà sindries p melons que fepen /
més d'un quintar. N'aluy una de sindria distorja y
que fepa cara de bona ferm. —La petgellarem a n'""
aquesta, vatx jo dir.—-Me trech es guinavet, le
hi afich, m'hi cau de dins. Hep enfony es bras. 0
Fas es forat més gran, fins que hi vatx poder pas-
sar, y me'n hi entr. Sí, fiets, dins sa sindria vatx
haver d'entrar per treure aquell trapdor de guina-
vet. Cerca qui cerca, per lloch el vepen lluir. Des
cap d'una estona passa un homo, y diu: —Germó,
ép que cercau, Si no es massa preguntar2—-Un
guinavet que m'es capgut dins aquesta sindria.—
jUn guinavetl diu ell. Ja'u poreu dexar anar, que
jo fa sèt anps que cerch una guarda d'egos, es- l
quellades de nou, que m'hi escaparen, Y no me
som aturat de cercar, P ni les he trobades ni sabu- 1
des noves. —Germanet, dich jo, per amor de Deu
sia, de s'avis que m'heu donat. —Surt de sa sin-
dria al acte, úls es cap, vetx qu'es pi tenia una
altra rama més amunt, m'enfil per sa soca, Y fins
a n'aquella rama, Y me trob qu'encara en té una
altra, part damunt, hep putx, Y vatx pujar fins a
sèt rames. S'up de més amunt casi arribava a n'el l
cel. Llavò me vatx recordar que ma mare sempre
'm fepa passar parènostros per na Xino (), una I

(1) Diminutiu de Francina,
",NA
27,"28 RONDAYES MALLORQUINES

germaneta meua que s'era morta, ja dona feta,
com jo mamava, p dich: —Tan aprop que som del
cel, me convendria cridar na Xinop, veam que
conta. Y ja me pos a cridar: —jXinopl jo Xinopl
iXinov, dichl En Pere som, es teu germanet. Va-
ja Si treus es cap una mical Tant vatx cridar, que
assetsuaxí s'obri una finestra, y guapta una fadri-
neta com un sol. Jo no he vista una cara més gua-
pa p més agradosa map, ni crech qne n'hi haja. —
iPerel gstu per aquí diu ella.—geY tu ets sa meua
germana7 dich jo, tot esglapat, jsabs qu'ets de ga-
rridal —Ell aquí dalt no hi ha res lletx ni res dolent,
diu ella: però, 4quin senyal per aquíP —Fieta meua,
dich jo, has de ereure p pensar que'm som enfilat
per aquest pi, he volgut arribar a n'es cucupó, p

aquí me tens. Però, jp tu pareps una repnal jsabs
que vas d'enllestidal ijsabs que'u ets de guapal... jo
fieta meual.., pell tu embellepsi Ja l'hi deus campar
bé per aquí daltl —Bé de totl diu ella.—Y gcom
no m'hi dexes pegar just un aguapt2 dich jo. Ella
me feu de resposta: — Da'm sa ma. La hi don, me
pega tirada, m'alsa en pes, p me té dins el cel. jO
fietst Com jo me vetx allú dins p estench un poch
la vista, romaneh tot d'una enlluernat de tanta cla-
ror, hermosura p galania. De tant que vatx veure,
no sé lo que vatx veure, de tant que m'agradà, de
tant que m'omplí's cor, no sé lo que 'm matjench
com en paríl No'n vup parlar, per po' de sopar-ho,
iQue havia de sebre jo lo que'm passaval p jque
",NA
28,"L
EN PERE TÒRT 29 :
havia de pensar a devallar, Deu meu de la glorial Es
P'es meu gust seria quedat pera sempre, però sa
germana me digué: —Fiet, te'n hauràs de tornar i
a córrer, fins a la fi, Sa carrera que Deu te té desti-
nada. 4 Y no pot esser per cap vent del mon, es A
quedar jo aquí daltP—No, fiet, diu ella: anem a sa TH
finestra, p t'amollaré demunt sa cucupya des pi. 31
Guaptúórem per sa finestra, p es pi ja no era en xa
aquell endret, sino més de mitja hora lluny, per- I
que a n'es diantre de gall, com jo estava embada- i
lit dins el cel, li pegú per anars-en a encalsar lla-
gosts, p com es pi estava demunt sa seua cresta, ni
ja'u crech que's pi se'n anú amb ell, y me dexú
plantat. —j Aquesta sí que m'es brutal vatx dir jo,
ép ara com e-hu farem2 Na Xinoç e-hi pensa una Ra
mica, y diu:—No res, jo tench una mala fi de cap-
dells de fil, perque en el mon era molt filadora, P
aquí dalt, poques vegades me veuen sense sa filoa 3
p es fus. Ydò nuarem tots es capdells un amb al- l
tre, te fermaré p'es dit gros des peu, t'amollaré a
poch a poch, 9 amb tant de fil com e-hi ha, es segur A
que bastarú per arribarte efi terra, P, Si no basta,
lo que falt serà un tres Y no res. Dit p fet, se'n
va a dur es capdells, Ç no n'havía vists tants map:
fepen es comú d'una montanpa. Com los tengué s
tots nuats, me ferma un cap a n'es dit gros des pèu
endret, p me diu: — No res, senye't, que no tengues l
cap denou, p ja'""m comanarús molt ma mare, p feps
bonda, que se's mester. Me seny, trech es cap a I
",NA
29,"30 RONDAYES MALLORQUINES
sa finestra, p per avalll p ja es partida a amollar-
me, Ç amolla qui amolla fil, V jo per avall, p per
avall. —jA, gallet del dimonil depa jo, sahont dimo-
ni te'n havíes d'anar a caminarP jLes has de pagar
Cares a n'aquestes passes, jo t'ho asseguri No te'n
escapesi jt'he de menjar fritl—Y na Xinop amolla
qui amolla fil, Y jo per avall p per avall, p casi no
era conexedor que m'hi acostés a la terra. —y El
dimoni serà per esser endinsi depa jo, yja no hi arri-
baré mapl A la fi, Sent na Xinop que depa:—j Ja
no e-hi ha pus fill — /No e-hi ha pus filP /Bona l'hem
fetal Faltaven setcentes braces per arribar en te-
rra. Me pòs pensa qui pensa, de quin cap faría es- I
telles, p acab per dir, cridant amb tota sa forsa: —
jEncara hi falten unes quantes braces per arribar
abax, però amolla axí metex, p serà lo que Deu
voldràl M'amolla, 9 allò hu va esser una fúa que
vatx pegar cap avalll Vos assegur que hi devalla-
va deprèssa, p sense engaltarme gens, fins que,
- — eclaclachl pech abax amb so cap devant, P, amb sa
metexa grulada p sa forsa que dupa es meu còs, es
cap va quedar sembrat sèt pams dins sa terra. —
iBona l'hem fetal dich jo com vetx es pas, ja tor-
nam tenir es ram dins es revell. Ell ara, per treure
es cap, no'm queda altre remep qu'anar a cercar un
càvech de cà-nostra, per decantar Sa terra des cos-
tats. —Me'n hi vatx, duch es cúvech, me pos a pe-
: gar cavegades, p ben alerta que hi anava Y prou
osment que hi tenia a no ferir ni de resquillada es
",NA
30,"EN PERE TÒRT 31
————————————s —e—e É-eLÉéÀéÉéíé————————— — :
pobre cap meu, però pech cavegada per arrabassar Bi
un mach que estava fort ferm, p, sense voler, en
lloch de ferir es mach, me fer aquest up, p el me
vatx fer benes. Per axò es que som tòrt... 4 E-hu
veps com e-hu va esser un cop que vatx errarP
Ara voltros metexos digau si amb raó ningú'm pot
dir una paraula perque me falt un up.

En Pere aquí acabé's seu cap de fil. 3
El reg, la reina, sa seua fia, tots els de la cort, /
boca badada sempre, no li havien perduda mitja
parauleta, .p se fepen creus de tot allò qu havien
sentit. Com los va haver espassat una mica s'es- s
glap, tots varen caure a dir:
—Però bé, 4p des cap que'n feres2
-—jQue n'havia de ferl respòn ell més fresch
qu'una cama-rotja. El me vatx posar demunt ses i
espatles, se confegí de tot, me'n vatx a cà-nostra,
p Sa primera que vatx fer, fonch menjarme frit es
gallet que m'havia feta tan bona endemesa.
Aquí tothom acabà de veure que tota aquella
eontarella tan llargaruda p desbaratada, en Pere la
s'havia treta des cap per riure-se des sant p ses
xeremies. Li feren esplicar s'endevinaya, p tothom
quedà convensut de que tòrt poria esser V mitx
afortunat, però qu'era més viu qu'una centella, que
donava sèt voltes a tots es més desperts, que bol-
cava tothom, Y ningú'l bolcava a ell, que per es-
tret que se vés, sempre trobava portell o forat per
hont sortir, P que per axò era s'homo més trempat
",NA
31,"32 RONDAYES MALLORQUINES
y més avengut, qu'era fet aposta per sa fia del
rep P per un dia dur sa corona.

Tothom, P el rep es primer, trobava qu'era
axí, també hu trobú la princesa, que'l se comensó a
mirar amb bon up Y a posarli voluntat, Y arribà a
dir:

—Per part meua, mos porem casar en voler.

—iYdò endavant ses atxesl digué en Pere,
fent un alè ben gros p pegant un bot ben alt.

Enrengaren la cosa, p se va fer s'esclafit, se
casaren. El rep los donà sa corona, p ells dos va-
ren viure anys Ç més anps, amb molta pau p con-
còrdia ells amb ells p amb tothom, P... encara son
vius, Si no son morts: p al cel mos vejem tots ple-
gats, Amen.

Torre Nova, Agost de 1896.

3
",NA
32,"Espa"" ea ar da a èeei ) es a le qu a EA
Ri MU i ns RR
LA FIA DEL SOL Y DE LA LLUNA Ò
———— HX OO Ciiiie —
'anp tirurany, es Sol p sa lluna tengueren
una fia, garrida, gentil, resplendent com
ells, viva com una centella, plena d'etcís
p d'encant: robava's cor de tots es qui la vepen.

Quant va esser grandeta, un dia agafa sa mare, di
Ç li diu:

—Ma mare, jo vuy venir amb vos, tench unes
ganes que'm roeguen de trescar p veure coses.

—Per amor de Deu (diu sa lluna) lleve't axò
des cap, fieta meua estimada, lleve't'ho per amor de 6
Jesucrist. iSabs quin camí tan llarch qu'he de fer

(1) La'm contaren na Rafela Ca/ona, de Son Servera, y 108S
nobles senyors el M. Il. D. Lloatxim Dameto y Dezcallar,
Pre, Canonge de la Seu de Mallorca y el seu germú D. Nicolau,
",NA
33,"34 RONDAYES MALLORQUINES
cada día, y que hi he d'anar depressal... A ses —
quatre passes ja't tendríem retuda.

—eY tan Hlonja'm mirau2 (diu sa pitxorina).
No'm don per cap atlota a caminar. No hauria de
esser fia vostra p de mon pare.

— Es ver (diu sa lluna) que hu ets caminant,
però per poderme seguir jsabs que n'hauràs de
roegar de trossos de pa encaral

—çc Que no'u veuré jo, (reprenia sa fia) que, Si
mos provàvem, no més vos veuria partir2 Vos lo
qu'heu de fer, donaume sa mà, p e-hu veurem Si
vos seguiré ó no vos seguiré.

Sa lluna a la fi, per no sentirla pus, p més de
mitx enfadada, l'agafa per un bras, Y diu:

A —ijEncaradissa qu'etsl jiHala, pdò, aneml...
iDepressal... jO quina atlota, Deu meul iNo, y ja
pots trompitxar de casta forta y posarlos a bon
lloch a n'aqueps galindons teusl

Partiren, Y hala qui hala per amunt p de d'allà,
just la bala.

ija se'n hi anaven ben afuades, V vos assegur
que'n fepen de camíl

A la llego se conexia que sa mare no s'havia
d'estorsar gens, p qu'es seu pas era natural com
s'apgo qui brolla d'una eufana, però que sa fia e-hu
havia de fer de tot, però de tot, y encara li venia
tan just tan just es seguir.

Des cap d'un parep d'hores, sa mare ja la se'n
havia de dur mitx rossegant. A la fí acabà's me-
nuts de tot, ses cames se cegaren, p eczala crit:
",NA
34,"ds É am a là reu
LA FIA DEL SOL Y DE LA LLUNA 35
—iMa mareta, no puch pusl
—çE-hu veus2 diu sa lluna: no m'has enganada
de res.
—jMa mareta, vos dich que no puch pusl jAp
aquex bras que'm teniu, que se rompl jAp aques-
tes cametes meues, aquests peuets meusl £Que no
los veps que'm ratjen sanch2 I
—Més te'n mereps, diu sa lluna. No,p jo no'm
puch aturar ni manco tornar arrera... jJa m'has
posada dins un bon marruelll.... No res, ara mos
trobam a s'endret d'una plaja: te plantaré unes ca-
setes a sa vorera de s'apgo, t'hi dexaré, p, Si tu
fas bonda, no't faltarà res de lo necessari, perque
ton pare de dia, p en sa nit jo, o es nostros cosins
ets estels, no 't perdrem de vista map. /
-——Però, s9 Si s'ennigula2
—- Per niguls que passen, no s' aturarún dalt ses
casetes: los arruxarem.
Era ver que se trobaven a s'endret d'una È
plaja, una plaja de bones tapes, uberta, lluny de
tot alberch d'homos, arrecerada de muntanyes Ves-
tides de pinars Y de garrigues. A's mitx, fepa una
tenassa, que ses ones, bouetjant amb s'embatol,
besaven lleugueres p amoroses: allà dalt planta ses
casetes sa lluna, unes casetes blanques p hermoses
per defora, però més blanques p hermoses per de-
dins. Hep havía de tot, no hi faltava un amèn.
Allà hi dexú sa seua fieta, més regositjada que
una repna. :
",NA
35,"36 RONDAYES MALLORQUINES

La mar no va treure alga pus, per que lengués
ben clara s'apgo per nadar, Y ben neta S'arena

per passetjars'hi, p jeure-hi si volia jeure.

Els embatols no dupen més idea que atabu-
xarli's vestit, fregarli ses galtes, p jugar amb sa
seua cabepera, qu'era ben llarga, p la dupa amo-
llada. Es niguls no li taparen pus sa cara de son
pare p de sa mare, per molts que n'hi hagués de
vegades, p per gruxats que fossen, sempre li de-
xaven forat o retxillera per ont rebia sa seua mira-
da vitenca p resplendent. Ses montanpoles, puigs
p comallars li trametien p'es vent mil flapres p
remors, Y li oferien frupts seuvatjes, lo més sa-
nitosos p mangívols. No s'hi acostaren pus bar-
rumbades, ni map hep resplandien trons, ni hi
coetjaven vergues de llamp, ni s'hi avalotava jens
la mar. Els aucells casi no dormien, per tenir més
temps de fer-li mil cantades, ses més garrides que
sabien: es més empegueidors la se miraven d'en-
fora tot embadalits p elevats, es més atrevits no
tenien aturap volatetjant entorn seu, P se posaven
demunt es seu cap, dalt ses seues espatles p dins
sa seua metexa mú. Es pexos, lluents gç llambri-
ners, trepen es capet a flor d'apgo per contem-
plarla més a pler, P vos assegur que la s'hi mira-
ven arreu, pegaven mil fues p enfuptes, eren com
a llampons, anant p venint per entreteniria Ç ferla
riure, se dexaven agafar d'ella, p xalaven de bo,
com se vepen dins ses seues mans.
",NA
36,"LA FIA DEL SOL Y DE LA LLUNA 37

Y alló, tota soleta, en aquella plaja riolera, amb. y , ul
aquells pups p muntanpoles que l'arredossaven, y h a
amb ses ones que li besaven es peus, amb tants — y / I dE)
d'abres, p flors, p pexos, p aucells, Ç la mar, P el l
cel blau que l'embadalien, p sobre tot, amb son Mi.
pare P Sa mare que no li llevaven ets ups de de- l /
munt p cupdaven a perdre's seny amb ella, se pas- l l
sava la dona sa vida més xalesta P entretenguda j l I
qu'haja passada ningú map. Et:

Y heu de creure p pensar que des cap de temps, —, I l
el rep d'aquells paratjes, un dia de primavera, V l
cassant cassant, sense voler, se feu enfora dels al-
tres cassadors, p devers mitjan capvespre se trobé
demunt un puig d'ont se destriava de lo millor
tot es badiu d' aquella plaja. Ja hi havia una par-
tida d'anys que no hi era estat, p fonch lo metex
que si no l'hagués vista map.

jO, que li agradaren tant de pujols, muntanpo-
les p comallars, que com que li rendissen home-
natje, agenopats en es seus peus, tots vestits de
verdor, plens de vida, d'aromes p d'aucellsi

iQue li va venir de nou la mar, com la vega tan
blava, tan riolera, tan bellugadissa, tan ametent,
amb aquella entrada tan atrevida p aprosa que fepa
dins la terra, lo metex que si se fos acostada per po-
der-li dir de més aprop:-Deu lo guard, senyor Rep. ,

Mira qui mira, afina aquelles casetes blanques
que lluíen a's mitx de sa plaja, p que d'allà dalt
parexia qu' estaven dins mar.

T. iL.—3.
",NA
37,"38 RONDAYES MALLORQUINES

—4e Que diantre son aquelles casetesP digué.
Map les hi havia reparades. Ja les vup jo veure
d'aprop.

Dit p fet, s'hi espitxa amb unes bones passes,
Y no se donava raó a n'ets ups, mirant un cop ets
abres, un cop s'herbep p ses flors, un cop la mar,
però encara lo que li robava més ses mirades eren
ses casetes blanques, que, com més s'hi acostava,
més vepa que hu eren grans p hermoses P que per
forsa hi havia d'estar qualcú de qui hi ha dalt.

E-hi arriba, p veu qu'estún demunt una te-

"" nassa, amb una carrera, voltant voltant, de sis o
sèt passes d'ample, ahont arribaven ets esquits,
per poch que ses ones s'alsurassen.

Encara no hi va esser, com a sa banda que hi
fepa ombra, surt a n'es portal sa fia des sol p
de sa lluna, amb una filoa d'or en es costat Ç un
fus d'or amb ses mans, fila qui fila.

Com el rep la se va veure devant, tan bella
dona, tan gentil, tota resplandent d'encant p gala-
nia, quedà sense polsos, abitlat. Vos assegur que
no pipelletjava, com que la s'hagués de menjar
amb sa vista. No li llevia fer res pus que mirar-la,
p tornar-la a mirar: V li parexia qu'ets seus ups no
n'havien d'estar assaciats map.

Com ella el va veure tot empantanat p ferit
l'à, l'escomet tot d'una:

—j Bones tardes tenga, senpor repl g Vossa Re-
val Majestat per aquí2 Y quin vent l'ha dupt2 jQue
",NA
38,"LA FIA DEL SOL Y DE LA LLUNA 39
s'acost, p seurú a la fresca, en aquesta ombral
iQue venga p dessuaràl .. que bé's veu que du
una bona solepada demunt.
Li treu una cadira, el rep s'hi acostú p se va
asseure, tot enlluernat, embarbollant paraules, es-
pressant-se no més a redols .. No se'n poria ave-
nir de s'hermosura p de sa galania de aquella at-
lota. No n'havia vista cap map, ni crepa possible
que se'n trobés un altra que li arribús de cent
llegos.
Ella, per sortir d'aquells emblavins, se va treu-
re aquesta:
—Vossa Repal Majestat ara m'ha de dir que
vol prendre, qu'es lo que li ha de donar més
gust.
—Un poch d'apgo fresca (respòn el rep) no'm l
vendria malament. l
—Aviat en tendrà.
Allà devant e-hi havia una cisterna, amb un coll
de pedra mabre, tot d'una pessa, amb un poal de
plata demunt.
Ella digué sense moure-se ni dexar sa filoa:
—Poalet, treu apgo p'el senyor rep.
Encara no hu va haver dit, com es poal pega
capficó dins sa cisterna, p surt ben al raset, Y
se'n va dins ses mans del rep.
El rep begué fins que va tenir set, V es poal
se'n tornà, tot mes, demunt es coll de sa cis-
terna. /
",NA
39,"40 RONDAYES MALLORQUINES
Llavò sí que hi estava el rep astorat p fora de
Sí. Se passava sa mà p'es front, p se paupava per
assegurar-se de qu'allò no era un sòmit, tan gfos
e-hu trobava.
—Ara qu'ha begut, (diu ella) m'ha de dir de
que vol berenar, perque ja n'es ben hora, p es se-
gur que, potopant per aquestes muntanyes, ha
aplegada talent.
—Per amor de Deu sia, (respòn ell) no som
capés de menjar res.
— Just una bocinada: sols que tast qualque co-
sa. No vup que se puga dir qu'el senpor rep es
vengut a n'aquesta casa, p no més li han donada
aygo fresca.
—Tot està per rebut.
—Jo no m'entench en cumpliments, p que'm
perdon, Menjar per sa talent que tendrà: diga que
vol.
El rep ses derreres que tenia amb so menjar,
però, com va veure qu'ella s'hi posava tan forta,
no la volgué fer fellona.
No res, (va dir) sols per darte gust, pega-
ré una bocinada. Treu lo que vulgues: sia lo que
sia, per forsa e-hu he de trobar saborós de tot,
basta Y prou venga de sa teua mú.
—i Li agradaria un poch de pex frit2 /
—Venga pex frit, (diu el rep, fent un alè ben
llarch).
Aquí ella, sense mourerse de demunt es portal l
y sense dexar sa filoa, comensa aquest cap de fil:
",NA
40,"LA FIA DEL SOL Y DE LA LLUNA 41
—Carbonet, pose't dins es fogonet.
Y es carbó pega enfupta de dins sa carbonera,
Y,'trichl ja està dins es fogó, p diu: l
—Senporeta, ja hi som.
—Armolletes p paleta, (diu ella) descolgau es
foquet, y dups ses brasetes demunt es carbonet.
Y ses armolles p sa pala peguen enforinyada a
n'es foch colgat, tiren ses brases demunt es carbó,
y diuen:
—Senporeta, ja les hi té,
—Ventadoret, (diu ella) venta ben depressa a
n'es carbonet, fins qu'estiga ben encès.
Y es ventadoret, /reca-trech, treca-trech, ven-
ta qui venta, que cupdava fer up. Aviat tengué's
carbó ablamat, que fepa flamaradeta, y diu:
—Senporeta, ja estú encès.
—Pelleta, (diu ella) pose't demunt es fogonet,
p tu, Satrieta, aboca oliet dins sa pelleta.
Y sa pelleta, qu'estava penjada a un clau, g/c// l
se despenja, p se planta demunt es caliu ablamat,
p diu:
—Senporeta, ja hi som. A
Encara no havia uberta boca, com sa satrieta
4 surt de dins es rebost, volant, fins a s'endret de sa
pella, y, glech-glech, e-hi ratja oli p més oli, la
dexa prop de mitja, Y se'n torna dient:
—Senporeta, ja n'hi he abocat.
Al punt s'oli comensa a ter riu riu, p fum per
llarch, p aviat el sentiren que depa:
",NA
41,"42 RONDAYES MALLORQUINES

—Senporeta, ja bull.

Aquí ella tira sa filoa, p el rep la veu que se'n
va tot dret a n'es fogons: planta una mà dins sa
pella, p surten cinch pagells frits, que cada un va-
lia un sou: llavò hi planta s'altra mà, p surten
eineh molls, frits també, que valien, no un sou,
sèt sous cada un.

iVaja quins cinch pagells, quins cinch mollsi
No pondér jens: hauríen fet rompre un dijuni a un
sant, Si es Sants no fossen tan forts en es dejunar.

—Pelleta, (diu ella) lleve't de dalt es foch, p
tu, canpemet, vina a axugarme ses manetes.

Y les va treure degotant, de dins s'oli bullent,
però sense cap cremaponada ni bolegueta, tan
fresques, tan homils, tan hermoses, tan netes, com
si les tregués de dins apgo de roses,

Sa pelleta se lleva de dalt es foch, es canpemet
li axuga ses mans, P ella diu, prenint altra volta
sa filoa:

—Tauleta, vest'en devant el senyor rep, tova-
petes, esteneuvos demunt sa tauleta, platets, tasso-
net, forqueteta, saleret, torcaboquets, guinaveteta,
panet, olivetes, posauvos demunt ses tovapetes,
en es lloch que vos pertoca, i

Y sa tauleta, ZasJ se planta devant el rep, S'hi
esténen demunt ses tovapetes, se'n vénen, volant
com estels, empenpentse perque tots volien arri-
bar primer, dos platets d'obra fina, un dins s'al-
tre, un tassonet de crestap, una forqueta de plata,
",NA
42,"LA FIA DEL SOL Y DE LA LLUNA 43
un saleret d'or, un torcaboques de fil, net com les
flors, plegat amb tres capres, una guinaveta que
s'hi porien mirar de lluenta qu'era, un panet de xe-
Xa blanch blanch Ç ben estufadet, Ç un platet d'o-
lives, verdes, molsudes, lluentes, com ametlons
de grosses. Cada cosa se posava en es lloch que li
establia, p encara no s'hi eren posades, com de-
pen:

—Senporeta, ja hi som.

Llavò ella diu:

—Pelleta, aboca es pexet, P alerta a fer cap i
gota.

Sa pelleta pren el vol, p com es ben a s'endret :
des dos platets, ZasJ se gira en sech demunt de-
vall, p es cinch pagells, es cinch molls p tot quant
d'oli e-hi havia, pegaren dins es plat de demunt, p
no va caure defora ni una gotinèua que va esser
una gotinèua.

—Senporeta, ja està abocat, (diu ella, p se'n
torna en es seu clavet, P S'hi penja).

— Senyor rep, (diu ella) quant tenga gust.

El rep estava amb sos cabeps drets, de veure
tot allò, tenia pell de galina, no sabia que li pas-
sava.

Diu un pare-nostro, se senya, xapa's pa, pren
sa lorqueta, afitora un pagell, el tasta, Y no se re-
cordú d'haver menjada cosa més saborosa map.
pJa hu crech que'l S'acabí, p aviatl Ell en va pen-
dre un altre P un altre, p .. fins que n'hi hagué
",NA
43,"44 RONDAYES MALLORQUINES
Cap. Llavò quedaven es molls: jes molls sí que'n
Tepen de menjeral L'homo estava incorregut d'ha-
verlos d'envestir, havent gastada aquella paraula:
no tench talent. Baubetja una mica, tot pensatí-
vol. Ella se'n tem, p ja li diu:

—qHala, senyor rep, que los tastl isols que los
tastl però més contenta'm fa si los s'acaba.

L'homo cobra coratje, n'afitora un, li dona
clau, P, si saborosos eren estats es pagells, molt
més e-hu foren es molls.

— 3 O quina menja més esquisidal

Y ique me'n direu2 Ell com se'n va haver ca-
lat un, se'n calú un altre, Ç un altre, Y los se calà
tots cinch.

—3O senyor repl (diu ella). i/Sab que m'hi ha
teta de contental Axò es lo que m'agrada a, mi,
que s'ho acúbien: jque no'm venguen amb fitol-
lost

Ja era horabaxa, p el rep va veure que no hi
poria fer gapre pusses per alló, perque si sa fosca
l'aplegava devers aquella plaja, n'hi hauria de
raons per tornars'en.

iQue li seria vengut de bé, que's sol, abans
de pondre-se, hagués quedat en là, com sa japa
Miquela, maldement fos estat sèt o vupt hores,
perque's temps li passava p no se'n temia, con-
templant aquella atlota p rallant amb ella.

Lo que le-hi esborrossonava tot, era esser ca-
Sat, Y no s'aturava de dir, entre sí metex:
",NA
44,"LA FIA DEL SOL Y DE LA LLUNA 45
—Si la repna se morís, iDeu li do molts d'afips i
de vidal, no e-hi ha vèl, me casava amb aquesta. j
L'homo no poria compendre com dimontre e-hi
havia allà aquelles casetes, com hep poria estar l l
tota solina aquella atlota, sa més descansada del
mon, p tan ben servida sense cap criat ni criada. Ú
ja hi estava mal a plerl p en tenia de maldecaps
sobre qui poria esser, de quina nissaga devia ve-
nir, quins devien esser es seus pares. Bé la pre.
guntà p la tornú preguntar sobre aquest punt, .
però tot va esser temps perdut, perque tantes vol-
tes com li demanú de quines gents venía, tantes
voltes va respondre:
—Ma mare n'es blanca,
mon pare n'es ros:
de la meua boca
no haureu pus raó.
Y no la va poder treure d'aquí p se'n hagué
d'anar... sense res en es fus. i
Es sol ja era post p re-de-post com trobé's
cassadors, que ja comensaven a tenir ansia d'ell,
de casta forta, p ja eren partits a cercar-lo.
Arriba amb ells a cà-seua. Ç no pogué estar
que no digués a la repna:
—I3O fieta, quina passada, sa d'avup de cap-
vesprel
— cQu'es estat2 (demanà la reyna).
—jQu'ha d'esser estatl (respòn el rep): jo t'ho
contaré.
",NA
45,"46 RONDAYES MALLORQUINES

Y li conta, fil per randa, tot lo que li havia suc-
ceít p havia vist, dins aquelles casetes blanques.

—jjesúsl ijo també hi vatx a fer-ho a n'xòl
diu la repna com el sent.

Se'n va tot d'una dins sa cupna, P Se posa a
dir: y

—Hala , carbó, pose't dins es fogó, ventador,
venta, pella, pose't demunt es foch, satria, aboca
oli dins sa pella... iHala, espediu, fora sònl jhala
dichl

Bé va cridar, però ni's carbó se va moure de
dins sa carbonera, ni es ventador se va bategar
jens, ni sa pella se despenjà des clau ahont estava
penjada, ni sa satria sortí des rebost, ni un fòti
mort.

— 4 E-hu veusP (depa el rep): se-hu veus2 l

La reyna, llunp de donarse per perduda, sortí
amb aquesta:

—Es qu'es sa primera vegada, Y no les tench
criades a ses coses. Tot vol cremar-hi oli: dexem-
hi pegar amb temps, P veurés tu.

Crida ses criades, p les diu:

— Posau-me foch en es fogó p sa pella demunt,
amb s'oli corresponent per fregir cinch pagells p
cinch molls, p, en comensar a bollir, digaum-ho.

: El rep bé l'estirava, que hu dexéús anar, però
ella, e-hu volgué arribar a s'entront.

Com ses criades anaren a dirli que s'oli ja bo-
llia, se planta devant es fogons, s'arromanga fins
",NA
46,"LA FIA DEL SOL Y DE LA LLUNA 47

en es colzos, pla/i1 entima ses mans dins s'oli bu-
llent, p vos assegur que les hi va treure ben aviat,
però ja no s'escapú d'una bona cremaponada.

Bé n'hi posaren de vermep d'ou p de coques
de crespinella: la cosa va pendre tan malament, P
li va caure tan avall es no haver sabut fer lo que
havia fet sa fadrineta de ses casetes blanques, que I
foren dos mals que se donaren ses mans cuantra I
ella, p dins quatre dies la se'n varen haver dupta I
al altre mon, p tothom plors p descapdell.

Des cap d'un anp, es nobles se presentaren a
n'el rep, p li digueren:

—Senpor rep, se fa precís que se torn casar:
Vossa Reyal Majestat ja hu veu: la reina, (al cel sia
ella p tots los morts), no li dexà cap fip que puga
dur sa corona es dia que Vossa Repal Majestat
falt, Deu li do molts d'anps de vida. Perque ja's Ú
sab: o prest o tart, la mort a tots mos aplega: no'n
dexa cap per llevor. Ara bé, per jove que sia Vos-
sa Repal Majestat p per anps que visca, que map
seràn tots es que noltros voldríem, vendrà un dia
que tan metex s'haurà de morir. 4Y que seria de
noltros si aquest dia l'aplegava sense cap fip a ne
qui dexar sa corona2 4 Que seria de noltros p de-
més vassalls, sense un rep que mòs comandús, que
fes justícia a tothom, qu'anús ajuda a n'es petits,
que capturús es dolents, p que mos és fer un còs,
contra tots es nostros inimichsP Vossa Repal Majes-
tat ja'hu veu: axí no porem estar, se fa precís que
",NA
47,"48 RONDAYES MALLORQUINES
se torn casar. Veja quina es s'atlota que més li
agrada, p que hi fassa via: lo que s'ha de empe-
nporar, que's venga.

El rep trobà que tenien raó, Y tot d'una li ven-
gué a la memòria aquella fadrineta de ses casetes
blanques, vora mar.

—Allò es una atlota (depa ell) que'n val de
mílies, val tot quant pesa p sèt vegades més. Cap
n'hi ha que m'agrat tant, ni d'un bon tros. Però
es mal es que no sé d'ont es sortida, ni ahont es
nada: no més sé qu'es s'atlota més guapa, aguda p
galanxona qu'haja vista may. Ja no es posible que
n'hi haja un'altra que m'agrat més ni tant... iSi al
manco sabéssem de qui es fial però no hu sabem,
ni ella hu vol dir, per cap vent del mon. Bé le-hi
vatx demanar, però no vatx poder treure en net
més que sa mare era blanca p son pare era ros,
p lé't si't vols ferl Sobre tot, no e-hi ha que fer con-
tes d'ella, mentres no s'esplich més clar, perque
eque dirien ets altres reps, que dirien es meus vas-
salls, sim casava amb una atlota que no sabem
d'ont surt, ni qui es son pare p sa mare jMe mou-
rien un renou terest, jseria una alronta per mi Q
per ellsl Vajal no e-hi ha res que fer amb ella: no
e-hi ha que pensar-hi pus.

Veent el rep que en cap manera poria casarse
amb sa que volia, comanà a n'es nobles de la Cort
que n'hi cercassen una: ells li varen treure sa fia
d'un comte vepnat, molt gran senyor. El rep va
",NA
48,"y La I i aa SP EN
LA FIA DEL SOL Y DE LA LLUNA 49 l
dir que Sí, p los envià a demanar-la: es comte hi
vengué a bé, tornaren amb s'atlota, p se va fer es
casament, p no'n faltaren d'alimares p de sarau.
Des cap d'un parep d'anys, un dia el rep, cas-
sant cassant, com se'n va tèmer, Se torna trobar de-
munt aquell puig d'ont destriaven tan bé tot es
badiu d'aquella plaja encantadora p aquelles trap-
dores casetes blanques.
Estendre-hi la vista el rep, p reverdir-li totes
ses nafres de s'altre pich, fou tot ú. Se va pre- I
sentar cop en sech dins sa seua memòria aquella
fadrineta, axí com l'havia vista sa primera vegada,
filant amb una filoa d'or en es portal de ses case-
tes blanques, amb ses ones en es seus peus, que li
tepen festa, p aquí tots es seus bons propòsits se'n
anaren en orri, es seu seny quedà tèrbol, Q una
forsa contra la qual va creure que no hi valia po-
sar pèu fiter, el se'n va dur per avall, p'es tom-
bant d'aquells pujols p montanpoles, tot dret a
ses casetes blanques, p no s'aturó fins que hi va
esser devant, p va haver vista sa fia des sol p de
sa lluna, que filava amb sa filoa d'or a Sa carrera,
just devora s'aygo.
Si hermosa p gentil l'havia trobada s'altre pich,
molt més la hi trobú ara. Tal fonch es seu astora- l
ment con la se va veure devant, que romangué
ferit-là, sense poder donar passa, tot embabapat.
Sa pitxorina se'n tem, p ja l'ha escomès:
—jSenpor repl gVossa Repal Majestat per aquí
",NA
49,"50 RONDAYES MALLORQUINES
altra voltaP 4 Y quin vent l'ha dupt2 Com se cam-
paP iVaja, que s'acostl... que s'acost, p seuró, —.
maldement no més sia una estoneta. Axò no vol
dir que, Si hi sèu molt, no'm fassa més pler.

Li trèu una cadira, ell s'assèu, p ella ja torna
prendre's filar, rallant p'es colzos, p dreta com un
fasser, just en es cantell de sa tenassa, fila qui fila,
p vénguen aguyers P més agupers, tan bons p tan
llarehs, que cada pich es fus, cupdant estellar-se
fent sa ballaruga, amb so tenrum feria ses ones.

Assetsuaxí, sense voler o amb dret seny, li do-
na sa vogada tan forta, que li cau dins mar.

— jAquest benept de fus, (diu ella), ahont se'n
es hagut d'anar a pegar un capficól

—iY ara com e-hu farós2 (diu el rep).

— jjesús, que d'aviat serà foral (respòn ella),
p pega crit:

—Guinavetetal vina, me taparós sa maneta,
perque m'ha d'anar a treure's fuset, que m'ha cap-
gudet a la mar.

Encara no hu va haver dit, com se'n vé vo-
lant sa guinaveta, p, Zas/ li tapa Sa mà, sa mà pe-
ga caplicó dins s'apgo, Q al punt Surt amb so
fus, pren sa fua cap a n'es bras, tocà, p romangué
confegida com si map l'haguessen tapada, Y la dò-
na seguí filant p rallant, lo metex d'un cadellet de
molí.

El rep se mirava tot allò amb uns ups que li
cupdaven a botir, com un ensensat, sense un fil de
roba que li tocés sa pell.
",NA
50,"LA FIA DEL SOL Y DE LA LLUNA 5I
Ella li va fer otertes de beure p de berenar,
però ell les tenia a ses soles des pèus a n'aquestes .
ganes: lo que ell volia era que li digués que havia
nom, de quines gents venia, qui era son pare P sa
mare. Bé n'hi va ler de preguntes P redepregun- j
tes, però no li pogué trèure més paraula qu'aques-
ta:
—Ma mare n'es blanca,
mon pare n'es ros:
de la meua boca
no haureu pus raó.
Y amb aquest sò l'enterraren, vup dir, amb
aquestes clarícies se'n hagué de tornar el rep, hora
baxa de tot, com acabà de veure que's demanar p
gremoletjar era ben per demés.
Quant arribà a n'es cassadors, ja fepa fosca
negra, p los trobà que'l cercaven com a rabiosos:-
S'espitxa amb ells a cà-seua, amb un cap com una
ferrada.
Tot d'una que veu la reyna, li Conta sa passa-
da que li havia succeída.
—4 Per axò tanta cosa2 (diu la repna, com e
sent). Jo també hi vatx a ter-ho.
—4Tu2 (diu el rep). jE-hu es vert es juvevertl
—3No, ell serà ben madurl (respòn sa bajana).
Sa seua cambra tenía una finestra que mirava
a mar: pega grapada a sa primera filoa que veu,
l'enserrega tropell tropell, pren es tus, se posa de-
vora aquella finestra, p ja es partida a filar, fila
",NA
51,"j B2 RONDAYES MALLORQUINES
que fila. No li sortia cap aguper condret, es fil tot
eren primarells, regruxos p berrugues, es fus no
se volia bellugar dins es seus dits. Com trobà
qu'era hora, pafaplum) el tira amb tota sa forsa
dins mar, 9 pega crit:

—Guinavetal vina a taparme sa mà, que m'ha
de treure's fus, que se'n es anat a fons.

Sa guinaveta no se va moure.

—IGuinaveta, dichl (torna cridar la regna),
vina depressal

Sa guinaveta no la s'escoltó.

— No e-hi ha remep, (diu la dona): tot vol cre-
mart-hi oli. Es es primer pich que li man fepnes, p
encara no la tench criada.

Y qque fa ella2

Se'n va, pren sa guinaveta, p Se tapa una mà,
però ja no la tirà dins s'apgo, perque va perdre'l
mon de vista, capgué estesa com un tronch, P
sanch p més sanch. N'hi sortia un broll esglapa-
dor, Y al punt feu una bassa qu'abrigava un pa-
rep de passes.

Allà dins la trobaren, més de mitx morta, a sa
mesquina. Si no la se'n dúen ben: depressa dins es
llit Y no li estanquen ses venes, colava la vida allà
metex.

Sa ferida li prengué tan malament, p s'aficà
tant dins es cap es no haver sabut fer lo qu'havia
fet sa fadrineta de ses casetes blanques, que se po-
Sú a no tastar res, se va fondre, se va fondre, P
",NA
52,"LA FIA DEL SOL V DE LA LLUNA 53
un desmaç la se'n dugué, p tothom plors p descap-
dell.
IN

Des cap d'un anp, es nobles de la cort se tor- Il AA
nen presentar a n'el rep, p li digueren: / I

—Senyor rep, Vossa Repal Majestat ja'u veu, /
ja tornam estar enrocats. La segona senpora rep- / /
na, (al cel sia ella p tots los morts), mos ha feta sa ——/
metexa passada de sa primera: s'es morta sense l j
dexar-li cap fip que puga dur sa corona, com a I
Vossa Repal Majestat, (Deu li do molts d'anps de 0,
vida), li sia arribada s'hora, p que qualque dia li —
arribarà no e-hi ha que posar-hi duptes, perque ja'S
sab: per llarch o per curt, mos ne toca una per
hom, Y no tenim que brancatjar. Per axò, que mos
ho perdon si tornam a entadar-lo: Vossa Repal Ma-
jestat ha de veure per que hu fepm. Sa questió es
que se torna fer precís que se cas. AXí no hi po-
rem estar: perque la mort p la vida Deu la té, p
com sempre hem de fer es contes demunt es mal, si
Vossa Repal Majestat, Deu no'u permeta, faltava,
y no dexús cap infant, 4que seria de noltros p de
tot es repnat, sense un rep que mos comandós,
que fes justícia a tothom, qu'anús ajuda a n'es pe-
tits, que capturús es dolents, P mos fés fer un còs
a tots, cuantra es nostros inimichsP Senpor rep,
e-hu fassa per amor de Deu p de sa Mare: que
trip S'atlota que més li agrat, p que se cas abans
de més raons, que Deu ja diu: apde't p t'updaré.

T. .—4.
",NA
53,"54 RONDAYES MALLORQUINES

El rep axí metex trobava qu'havien pensat bé:
però com ja estava renegat a no casarse Si no era
amb aquella fadrineta de ses casetes blanques, Y Sa
pitxorina no li volia dir qui era son pare p sa ma-
re, l'homo se vega estret de tot. Estava lo que se
diu empençyalat: ni poria passar envant ni enrera ni
per cap vent, ni poria estar aturat, si movia un
pèu, pegava dins un fondal esglapador, sense fons,
si no'n movia cap, el se'n havia de dur per forsa
un pur desapre. Es nobles l'estiraven perque se
casés, p no tenia més remep que casar-se. Ell,
sense fer un desbarat que li eostàs perdre es viatje
pera sempre, no se poria casar en no esser amb
aquella fadrineta, però sa gran trapdora no li volia
dir de qui era fia, ell, que no hu hagués aclarit,
per cap vent del mon s'hi poria casar, perque tot
hom s'alsaría cuantre ell, p tendria males hores
ferm. I

Després de pensar-hi molt, va resoldre anar-
s'en a ses casetes blanques, P no tornar que no ha-
gués aclarit allò que li posava tanta terra a s'es-
cudella.

Dit p fet, pren un cavall, p ja es partit cap
allà, pensa qui pensa com se'n desfaria d'aquells
trunfos. Quant devallava ses muntanypoles de sa
plaja, va dir:

— Ja hi som demunt, p encara no sé, finis-finis,
de quin enginy m'he de valer. Tornarle-hi dema-
nar tot dret, es per demés: prou m'ha fet tocar
",NA
54,"LA FIA DEL SOL Y DE LA LLUNA 55
amb ses mans que no hu vol dir. Si no me valech
d'altres medis, me'n hauré d'estrènper es cap...
No res, ja sé que faré: com tots ets abres y herbep
de per aquí dúen tanta tòria, tanta d'esponera,
m'amagaré un tros llunp de ses casetes, que jo la
veja a ella, p ella no'm veja a mi. En veure-la
que surt p se fa jens enfora, jo me'n hi entr, me
amach dins un auberjó qualsevol, p allà ja trassa-
rem es pla de batalla. De totes maneres, 4tan des-
graciat seré, que no puga arribar a cap aclaricieta,
sobre sa nissaga d' aquesta gran trapdora2

Al punt va esser devora ses casetes, havja de-
Xat es cavall entera, mirava ben arreu si la vega
guaptar per cap finestra o portal.... no la veu
lluir en lloch,... s'amaga dins un remolí ben espès
de pins, sibines p ciprells, V ell vepa tot lo que se
fepa a ses casetes: p de ses casetes no'l porien
veure a ell.

Allà s'estigué hores p més hores, sense afinar
fressa de res. No hi havia cap porta tancada, tot
estava ben esbadellat, però no guaptava en lloch
aquell diantre de fadrineta, que li torbava tan fort
l'enteniment.

—jSabs que havia de'esser mortal (pensava
entre sí metex). jSabs que se'n havia d'esser ana-
dal Però no, tot està aubert de pint en ample, just
con ses altres vegades. Si e-hi hagués altres habi-
tants, sempre haurien feta mica de mudansa a part
0 banda. No, es cor me diu que no es morta, qu'es
viva, Y qu'es aquí.....
",NA
55,"56 RONDAYES MALLORQUINES
Debanant fil d'aquesta manera, sa fa mitx dia,
se fa mitjan capvespre, se fa hora-baxa... L'homo
ja perdia es coratje de tot, de poder entrar d'ama-
gat dins ses casetes, quant assetsuaxí la veu que
surt demunt es portal, hermosa p Xalesta com s'au-
ba, p que pren arenal, més lleugera qu'una titina,
un cop ran-ran de s'aigo, que ses ones, com venien,
li remupaven es peus, un cop fent-s'en enfora, per
demunt aquella arena tan neta, tan blanca, tan tina,
ahont no hi vepen més petjades que ses seues p
ses tevelles qu'es vent hep fepa, just onetes con-
glassades. Per allà la dona cercava copinpes, cor-
nets, sipies P pedretes llises, d'aquelles tan hermo-
ses que se fan per ses plajes.
Com el rep la veu tan entretenguda amb axò,
surt falaguer de dins s'amagatap, p de puntes
de puntes, cap a ses casetesl Se'n hi entra, Ç Se
enfonya dins es rebost, derrera un parep d'aufàbies
d'oli, més arrufat qu'un erissó.
Ella no's va tèmer de res. Com comensava a
fer fosqueta, se'n torna a s'alberch: pren sa filoa
pp estus, Ç halal fila qui fila, sense perdre cala
map. Passú tota rabenta la corona p un enfilap de
parenostros a un sens-fi de sants, p el rep que la
sentia, p depa derrera, però ben petit ben petit,
que's collaret de sa camia no'l sentís, quant p més
sa fadrineta, p no's bategava, pensa qui pensa com
s'ho feria per sortirne en bon nom, de tal marruell.
Ella, com se va esser senpada, diu:
",NA
56,"LA FIA DEL SOL Y DE LA LLUNA 57
—jVerge Santíssima des meu corl ja serà hora
de fer es sopar. Hala si'n sortim:—Carbonet, po-
se't dins es fogonet.
— Y es carbonet péga enfupta de dins sa carbo-
nera, Y tot dret dins es fogó, p diu:
—Senporeta. ja hi som.
—Armolletes p paleta, (diu ella) descolgau es
foqguet, p dups ses brasetes demunt es carbonet.
Y ses armolles y sa pala ja estén abordades a
n'es foch colgat, p, frichi/ tiren ses brases demunt
es carbó, Y diuen: :
—Senporeta, ja les hi té. Ò,
—Ventadoret, (diu ella) venta depressa en es
fogonet, fins qurestiga ben encès.
Y es ventador ja's partit, /reca-lrechi, treca-
trech, que cupdava a fer up, venta quí venta. Al
punt va tenir es carbó que feya flamaradeta, Y diu:
--Senyoreta, ja està.
—Grexonereta, (diu ella) pose't demunt es fo-
quet, p tu, satrieta, aboca oli dins sa grexonereta
fins qu'estiga bé, tu, guinaveteta, tapa es gre-
llet, es juvevertet, un parep de tomatiguetes, un
pebret, estorfepa una cabesseta d'aps, pose-hu tot
dins sa grexonereta, P tu, cupereta, remene-hu fins l
qu'haja sofregidet bé, p tu, saleret, dexa-hi caure
Sal abastament. jAlerta que no n'hi capga massal...
que fa tornar ximples, Y no convé esser-ho.
Y heu de creure p pensar que encara no hu va
haver dit, com sa grexonera ja se posa demunt /
",NA
57,"58 RONDAYES MALLORQUINES
es foch, p se'n vé tota mesa sa Satria, Y e-hi tira
un bon ratx d'oli, p se presenta tot xarpat es sa-
ler, tomba un poch p e-hi dexa caure sal que be-
netjàs. Mentres tant sa guinaveta tapa es grell, es
juvevert, tres tomíútigues, un pebre vermep ben
eruxent, péga cop amb so mànech demunt sa ca-
— bessa d'aps, l'estorfepa ben estorfepada, Q hala
viatjes demunt sa fupa cap a sa grexonera, P, fins
que le hi tengué tot, que sofregí, p sa cupereta ja
hiacudex, p bones remenades a n'es sofrit per que
no se cremàs.

—Senporeta, ja està, (diuen tots com e-hu
han fet).

—VYdò tú, guinaveteta, (diu la dona) torque't, P
llésca ses sopes dins un plat, p, jalertal primes les
vup. Bé hu sabs tu, que no som afectada de tas-
Cons.

Sa guinaveta s'axuga bé a un cànpom que hi
havia ben net, penjat per un cornaló a un clau, P
ja es partida a llescar sopes, p les fepa que claret-
javen, just neules.

—Senporeta, (diu sa cupera) es sotrit ja es-
tú bé.

—Ydò tú, jerreta, (diu la dona) aboca dins sa
grexonera s'apgo que s'es mester,

Y al acte se presenta sa jerra, tota resolta, p,
rrreeel aboca s'apgo que li havien comanat, p
se'n torna dient:

—Senporeta, ja està abocada.
",NA
58,"LA FIA DEL SOL Y DE LA LLUNA 59

—Y dò tú, platet, (respòn ella) aboca ses sope- l
tes dins sa grexonereta, p jalerta a vessarne capl

Y es plat, tot generós, pren el vol cap a sa
grexonera, P com es ben a s'endret, zas/ se gira l
demunt devall, p totes ses llesques, p/a// peguen
dins sa grexonera, P no va fer cap esquitx ni va
vessar res,

Y sa cupera que fepa s'aviona de tot, pitjant p
ationant ses llesques, a fi de que se compartissen
p se componguessen bé, p fepa pujar es sofrit,

Mentres tant sa senyoreta diu:

—Hala, tauleta, pose't e's mitx, tovapetes, es-
teneuvos-hi demunt, platet, cupereta, forqueteta,
guinaveteta, olivetes, tassonet, capsaneta, torca-
boquets, posau-vos allà hon vos pertoca.

Y tot d'una sa tauleta se posa's mitx p ja s'hi
estenen ses tovapes, p comparexen, volant com
estels, es plat, sa cupera, Sa forqueta, Sa guinave-
ta, es platet de ses olives, es tassó, sa capsana p
es torcaboques, P tots se posen allà hont los per-
tocava.

—Senporeta, ja hi som, (diuen ells) mentres sa
cupereta crida:

—Senporeta, ses sopes ja estàn bé.

—jHala idòl (diu ella), grexonereta, pose't de-
munt sa capsaneta, p farem via, que bona talent
duch.

Y sa grexonera, glech, glech, S'alsa des foch,

p no s'atura fins que s'assèu demunt sa capsana, p
diu: P
",NA
59,": 60 RONDAYES MALLORQUINES

—Senporeta, quant tenga gust.

Aquí la dona dexa sa tiloa p es fus, diu es pare""
nostro a Sent Francesch, que mos don el pa de
cada dia, y ses tres Ave-Maríes: se senya, se fa
plat, p hala qui hala, bones bocinades.

—Poalet, (diu ella des cap d'una estona) du'm
ago fresca.

Y es poalet pega capficó dins sa cisterna, surt
ben al raset, p se planta demunt sa taula.

Ella beu, acaba de sopar, p ja torna pendre sa
filoa p es fus, Ç hala fila qui fila, dreta e's mitx de
la casa, Ç venguen uns agupers d'una brassa, p es
fus que cupdavya estellar-se fent sa ballaruga.

Y el rep qu'estava arrulat derrera ses aufàbies,
sense sebre que s'havia de fer, tirant plans Ç més
plans, però tots esguerrats, que's millor no valia
un gafet ni una guya escossada.

Y sa senyoreta tila que fila, sa més descansa-
da del mon, esperant que li vengués sa sòn, Y no
n'hi venia.

Sa llantieta al punt comensa a fer mala cara, p
exhala aquesta veu:

—Senporeta, m'apach.

—Satrieta, (diu la dona) posa oli a sa llantieta.

Aquí'l rep s'axeca, sa satria estava demunt
aquelles aufabies, p l'agafa amb ses dues mans.

—Ara hu veurem si n'hi posaré, (diu ell, P la
tenia ben estreta). jJa serà el dimoni Si n'hi posal

Ja hu crech que sa satria no se va moure.
",NA
60,"LA FIA DEL SOL Y DE LA LLUNA 61

Sa llàntia al punt torna dir:
o —3Senporeta, m'apachl

—jSatrietal (respòn la dona) gno t'he dit que
posasses oli a sa llantieta2

—jSenporeta, me ténenl (va respondre sa sa-
tria).

—e Te ténen2 iVaja, dexa ses bèrbes per una
altr'horal iFé vial

—jSenporeta, m'apach de tot de totl (elamí sa
llàntia, amb una veu que casi no la sentien).

Com sa senyoreta veu allò, ella que tenia un
genió com a foch, se crema de tot, p pega crit: .

—iSatrietal sno t'he dit p redit que posasses
oli a sa llantietaP jijCom som FIA DEL SOL Y DE
LA LLUNA, que, Si vench, en faré unalll

Com el rey sent allò, ja ha amollada sa satria,
surt corrents de dins es rebost, se planta devant
ella tot xaravel/lo, p diu:

—j Aquesta paraula'm bastal... jAquesta parau- l
la esperava de sa teua bocal... jja sé de qui éts
fial jAra'm puch casar amb tul jSi me vols, di-
gue-hu, p, com més prest, millorl

Ella va dir que sí, p el rep cupdà a pèrdre's
seny, de gojós p content.

—No res (diu ell): tu espere-m aquí, Y ara me-
tex me'n vatx a cà-meua a enrangar la cosa, P
demú vendré amb tot s'acompanpament per me-
nar-t'en, p se farà s'esclatit.

iQue l'havia de capturar sa fosca a n-el reyl
",NA
61,"62 RONDAYES MALLORQUINES

Se'n anava tan peus alts, que amb cada passa feya
un destre, arriba a n'es cavall, li pega bot, p de
d'allú cap a ses casesl Va fer axicar tothom, va
cridar tots els nobles de la cort, los diu que ja té
s'atlota que li agrada, qu'es... sa fia del sol y de
la lluna, sa cosa més garrida, aguda p gentil que
enteniments d'homos se puguen imaginar, V que
se fassen tots es preparatius per anar-la a cercar
p fer ses noces lo'ndemú metex.

Axfu téren. Lo'ndemà el rep p tota la cor
se'n anaren a ses casetes blanques d'aquella plaja.
Trobaren sa fia del sol y de la lluna demunt es
portal, P, com la véren, tots quedaren amb un peu
alt. Tots depen que no n'havien vista cap map de
tan guapa, ni era possible que n'hi hagués un'altra
que li arribús de cent llegos.

Menaven un cavall blanch per ella, amb tot
s'ensellament de plata, or p seda, Amb un bot s'hi
posú demunt, p, costat per costat del rep, partiren
amb tota s'acompanpada, que cupdaven a treure-se
ets ups, mirantla-se p fent esclamacions. Per allà
hont passaven, com ja havia corregut per tot sa
noticia de s'hermosura pÇ gentilesa map vista de la
repna novella, se despoblaven ses viles p ciutats,
p tothom s'abocava, p s'empenpien, p fepen ones
per poder-la veure bé p contemplar-li d'aprop to-
tes ses perfeccions. Y la se cupdaven a menjar
amb sa vista, Y li tancaven es pas, Q no hi havia
que dir-los res ni comanar-los que fessen amples,
Vy tothom clamava:
",NA
62,"LA FIA DEL SOL Y DE LA LLUNA 63 È
—jO que hu es de guapal jO que hu es de ,
bella donal jGròs mos ho havien fet, però encara l
no havien dit la mitat de lo qu'es ellal /Quin pos- i
sible es no embabapar-s'hi, devant aquesta cara
seual jBon gust té's nostro repl
Tant era sa gent que s'abocí, Y tan poca via
pogué fer s'acompanpada, que com arribaren a
cà'l rep, ja fepa fosca negra, p e-hu trobaren tot
encès, qu'es llums se tocaven per tot, p aquell
grandiós casal com qu'hagués de fer flamada. I
Idò bé: tot d'una que hi entrà sa fia del Sol p i
de la lluna, costat per costat del rep, tanta clare-
dat dexava anar Sa seua cara, que tots es llums
que hi havia s'aturaren cop en sech de fer claror,
lo metex que si los haguessen trets defora al fi
del mitx dia.
No vos dich res, el rep com devia estar, P es
crits de jvival, p es bots. p ses mansballetes que z
tothom fepa: cupdaren a tornar locos.
Tot ja estava a punt de pastora mia, p lo'nde-
mú dematí se va fer es casament, Y llavò ses no-
ces. El rep convidú tothom, Y menjaren p begue-
ren fins que se pogueren aguantar. Aleshores se
armú un ball d'allò més vitench, Y sa ballera fou
un mal que se prengué: ballaren fins a la mala Ll
hora.
El rep p la reyna arribaren a tenir una partida
de fips, lo més avenguts p galanxons, visqueren
anps p més anps lo més a pler P en sana pau amb
",NA
63,"64 RONDAYES MALLORQUINES
tothom, Y Si no se moriren, encara son vius. Y al
— Cel mos vegem tots plegats. Amen.
Torra Nova, Agost de 1896.
",NA
64,"ELL LL LLOCS l
LA PRINGESA BELLA Ò /
DUE EE CES EES ll
XÒ era un rep que no més tenia una fia,
A tènra, ben tapada, blanca com la neu Q —
hermosa com el sol.
Un dia ses dames la pentinaven dalt es terrat
amb una pinteta d'or que Son pare havia feta fer
aposta per ella, p la fepen esclatar de riure, per- l
que li ballaven l'apgo devant, p eren ses atlotes :
més xaravelles p devertides que se fossen vístes
map.
Assetxuaxí, passa un esbart d'aucells verts, p
un que parexia's caporal pega fúa, p Zas/ los
(1) La'm contaren la Escma. Sra. Marquesa de Montoliu,
nadiua de la ciutat de Mallorca, na Rafela Ca/oxa, de Son Serve-
ra, y el conegut escriptor mallorquí En Juan Ll. Estelrich, na-
diu d'Arté,
",NA
65,"I 66 RONDAYES MALLORQUINES
pren sa pinteta de dins ses mans, p per amunt P
per amunt, p tots ets altres derrera ell, P... bona
nit si't colguesl no'n véren pus la pols.

La princesa aquí va perdre ses riapes, p Se
posó trista p trista.

Lo'ndemú ses dames la tornaven pentinar de-
munt es terrat, però amb una pinta de plata, P
trepen tot s'estam, pç embuyaven fil a betzef, per
veure Si li farien espassar aquell engronpament
tristor que la tenien tan mostia.

A forsa de forses li fepen fer desiara sa mitja
axí metex, perque eren penjadores per una bèr-
ba, P ja no'n nexeràn de més facetes p etxerevi-
des.

Com la varen haver pentinada, p eren parti-
des a fer-li es tronch de sa trunpella, estrenyent-li
es cabeps amb una veta que tenia un fil de seda,
un fil de plata ç un fil d'or, p tepa un mostretjat lo
més garrit, se'n vé, volant volant, aquell metex
esbart d'aucells verts: es qui parexia's caporal pe-
ga lua a sa veta, té sòrt de clavar-li es béch, ses
demés, de denou que los vengué allò, sense voler
examplaren ses mans, sa veta se despassa, p s'au-
cellet amb ella per amunt V per amunt, Ç tot s'es-
bart derrera ell, P... jbona nit si't colguesl no'n
véren pus la pols.

Si es primer dia la princesa havia perdudes ses
riapes p s'era posada trista P trista, més les va
perdre's segon, p més trista se posà, p s'hi véren
",NA
66,"LA PRINCESA BELLA 67

prou amb fepnes ses dames per aconhortar-la qual-
que poch, p ho varen haver de fer de tot, perque
li apuntús una micoya sa mitja riapa a sa boca.

Lo'ndemó ses dames fa tornaven pentinar dalt
es terrat amb sa pinteta de plata. Com estaven a
mitjes astes, s'entrega de bell nou aquell diantre
d'esbart d'aucellets verts, volant volant, es capo-
ral se tira afuat com un falcó demunt es flochs de
cabeps de la princesa, tot rossos p acaragolats, p
que se bellugaven dins ses mans de ses dames,
amb so béch agafa's cabepet més llarch, l'arra-
bassa de rèl, P ja'l se'n du per amunt 9 per amunt,
V tot s'esbart derrera ell, Y... jbona nit si't cCol-
guesl no'n véren pus la pols.

Y si trista s'era posada la princesa ets altres
dos dies, més s'hi posà aquest. Sa pena des cabe-
pet li reverdí ses nafres de sa pinteta p de sa ve-
ta, es seu coret s'aclucú de tot, al punt li veren
redolar per ses galtes unes llàgrimes com a ciu-
rons, esclafí en plors p llaments, la varen haver
de colgar, V no e-hi havia qui l'aconhortés.

Ses seues dames varen haver de dexar és seus
enginps de riure, perque com més fepen per de-
litar-la, era pitjor. La pobreta va perdre sa talent /
de tot: lo que menjava amb un dia, hauria cabut
dins mitja closca d'ou,

Es metjes bé giraven fupes, p se cremaven ses
cepes, estudia qui estudia, p se bupdaven es cap,
prova qui prova, a veure Si trobarien un remep
",NA
67,"68 RONDAYES MALLORQUINES :
per ella, però'l trobaven tant com sa coa des mox.
Y sa mesquina, com més anava, més se fonia, P
se vepa ben elar que sa seua fi havia d'esser ro-
mandre amb sa pell p ets ossos, Ç llavò fer cupro.

Es metjes lo que depen, que sa causa de tot
aquell caberboni era sa tristor que la se menjava,
y que Si la porien fer riure, tiraria es mal a sa pa-
ret, p aviat treuria faves d'olla.

El Rep apurat de tot, fa aquestes dietes: —Sia
el qui sia que fassa riure sa meua fia, si es homo
0 fadrí, se casarà amb ella: si es dona o casat, ten-
drú pa per tota la vida.

iBona la va haver dita'l repl Com la gent sen-
tí aquell sò, tothom. volgué ballar, perque troba-
ven que hu pagava provar-ho. Lo qu'ells depen: no
porem perdre res, P mos posam a guanyar molt,
Allà e-hi acudiren fips d'altres reps, comtes, mar-
quesos, cavallers, senpors grossos p de mitja mà
p d'a dobler un, amos, menestrals, mercaders,
conradors, veps, joves, fadrins, casats, viudos:
tothom hep volia un arrap.

N'hi anaven a boliehs, al uf, a voltes formant
flotons de vint, de trenta, de coranta. Hep hagué
día que n'hi anaren tants, qu'omplien cà'l reg, P
encara'n romanien defora una mala fi qu'espera-
ven, p eren capasses de parar dues o tres corte-
rades.

Es criats los fepen entrar d'en un en un dins sa
cambra ahont jepa la princesa, p devant ella tepen
",NA
68,"LA PRINCESA BELLA 69
o depen ses coses que dupen pensades per feria
riure. i MN

Allà se presentaren ets homos més facetos que l di LA
escaufava's sol, es més el diantre per tirar potxes / / l /
p contar coverbos P passos gustosos, qu'eren ca-—/ I
passes d'esclatar de riapes qualsevol: p féren tot. l i
quant varen sebre, però la princesa... jben alerta
a riure gensl Allà li dugueren corones, tumba- — l
gues, anells, botonades p braceroles d'or, dia-
mants p demés pedres precioses, vestits nous de —
seda, lama p tissú, garlandes p ramells de flors, V
panades que'n xaparles Sortien de dins elles una ec
partida d'aucells volant, falcons ensenpats Q ca"" /
darneres criades que fepen ses mil proeses p ses J
coses més rares, però la princesa, jben alerta a rit-
re gensl Allú hi anaven homos que li fepen, de-
vant, s'upastre esbrancat, altres que sabien escar-
nir de lo millor seus veus de tots quants d'animals
se conexen, hep anaven dones amb bigots, homos
barbuts amb rebosillos posats p un forch d'aps per
coa, lent carusses p visatjes, altres que menaven
asets amb calsons, someres amb monpo, cans amb .
gavardines, endiots mocador a coll, moxos amb
volant, galls de llevor amb faldetes, mostels un-
tats d'oli que los pegaven foch p fogien corrents
fent flamada, però la princesa jben alerta a riure
gensl... més tost se posava pitjor. Y se fonia una
cosa espantosa, p es metjes no sabien per hont 1
pendre, P el rep P la repna, amb un coret com una
T. e—5.
",NA
69,"70 RONDAYES MALLORQUINES :
llentia p perdudes casi totes ses esperanses, qu'es
lo derrer que se pert, a voltes s'arrebassaven es
cabeps a grapades, a voltes se pegaven amb so
cap pe'ses parets.

No hi havia ciutat, vila ni llogaret, ahont se
pariàs d'altra cosa més que d'axò de la princesa,
p ningú hi sabia donar volta com poria haver
aferrat un enutx tan gros, p que li hagués fetes ses
riapes tan endins.

Lo qu'es diu a Capdepera n'hi havia molts
que'n tenien maldecaps, sobre tot ses dones. Allà
les hauríeu vistes fent llatra en es portal de cà-
seua, rallant de la princesa, just cadellets de molí,

aturant p tot la gent que passava.

Un dia, ses d'un carrer escometeren una japeta
qu'estava a un llocarró, p pujava clares vegades
a la vila. Ja anava amb sos morros per sa terra,
no tenia cap dent, però sí una llengo ben fresca,
p una vista que travessava, Ç una cama de foch.

—Germaneta, (li digueren aquelles dones) ép
vos que hi deps a n'axò2

—A ne queP (respòn ella, posant forqueta).

— 4 Y que no hu sabeu2

—No sé de que'm resau: esplicauvos un poch
més, fietes meues dolses des meu cor.

Aquelles dones li contaren, pedres menudes,
tot s'andarivell de la princesa, ses dictes que'l rep
havia fetes, que per molts que n'hi anassen, Cap
era eapús de feria riure, Y que'l rep p tothom ja
havia perdut es coratje de tot,
",NA
70,"LA PRINCESA BELLA, 71

Com sa japeta sent allò, s'esclama: l I

—yç Y aquesta es vera2

—Passa de vera, (digueren aquelles): dema-
nau-ho a qualsevol, p Si no vos diuen que's axí,
que mos tapen sa coa: mos n'aconhortam. —

—No, fietes meues dolses p estimades de sa i
meua ànima: me basta lo que voltros me deps. 7
Tampoch no vos mir tan embuposes ni tan mènes, 3
que volgueu emblanquinar una dona de bé com
som jo, Deu no m'ho tenga en retret ni en vana-
glòria. Sobre tot, fietes meues dolses de sa meua
únima, no us poreu tigurar lo contenta que m'heu
feta amb aquesta nova que m'heu donada. 4 Vol
dir el rep ha fetes unes dictes que's qui tassa riure
sa seua fia, se casarà amb ella si es fadrí, P Si no,
tendrú pa per la vida

—AXóÓ metex, germaneta, (respongueren aque-
lles a la una).

—Ydó me'n hi vatx ara metex a veure Si faré
tech, que Deu sab ets anps qu'encara redolaré per
aquí, p també es massa sobèrch haver-me de bas-
quetjar a sa meva edat es pa de cada dia. l

—IO quin cadufl (digueren aquelles, fent un
escàndol de riapes p crits com la sentiren). Però,
germaneta, (depen elles enrevoltant-la) :que vos
ha trebucat es seny2 gY allà hon molts de fips de
rep, comtes, marquesos, cavallers, amos, menes-
trals y conradors, p tots ets homos més devertits, /
facetos p trempats per tirar potxes p treure cover-
",NA
71,"712 RONDAYES MALLORQUINES

bos gustosos, han fets els ous en terra, vos figu-
rau vos no ferlos-hiP 4 Vos fer riure la princesa2...
iMare de Deu Santíssimal 4que no vós sou temuda
que feps plorera, per no dir un'altra cosaP 4 Que
no veps que vos treurún defora, en veure-vos2

—j Jesús, fietes meuesl (va respondre aquí sa
japa), jveam si""m menjareu a picadesl... jTampoch
no crech haver dita cap herejía ni haver fet tan de
mall Cadascú sab quin pa l'assacia, p si me'n hi
vatx, no crech que voltros hep hàjeu de posar cap
bestreta, ni m'haja d'emprar de ses vostres cames.
Hep aniré, P ara metex que hi aniré, Ç solquetjau
tot quant volgueu... jBon re-cap de cotril jveam
Si una dona de bé no poró fer lo que voldràl

Les dexa en porret: tenia dos doblers, se'n va
a comprar un panet per passar es camí, el xapa,
p hi ruya un dobler d'oli p un polset de sal, el posa
dins es senapó, p lo'ndemú, un'hora abans de
s'auba, amb sa roba més presentadora que tenia,
es senaponet en es bras P es gapatet, pren es ca-
mí de Ciutat, p de d'allàl amb unes bones passes.

Camina caminarés p pensa que pensa que havia
de dir a la princesa per ferla riure, no li venia res
que valgués un dobler de mach. Ja era a sa costa
de son Comelles, "") p encara no tenia res en es fus,
V ja comensava a fer contes P a estar mal a pler.

—3jFosca d'aubal (depa sa xarruch), dque serà
— G) Es un poch abans d'arribar a Montuiri, venint de Ma-
nacor a Ciutat.

.
",NA
72,"LA PRINCESA BELLA 73
cosa que fassem quetxa com ets altresP No seria
mala berbal

Assetsuaxí repara una fenopassa molt grossa,
trenta passes llunp des camí.

—jiO quina fenopassal (diu ella): ara la tench
d'arrabassar, p la me'n duré a la princesa, Y per
ventura la faré riure amb axò... jAnau a fer es
contes a gent local

Se'n va a sa fenopassa, l'agafa bé amb ses dues
mans, p li pega tirada amb tota sa forsa: l'arra-
bassa de rèl, p ja véren sa japa d'esquena. jO qui-
na culada que pegàl

—jApl (se posà a dir cridant), japl jsom mor-

. tal iJesús, bon Jesuset meul i Verge Santíssima del
sant Roserl... ija m'he romput s'os mestrel,. Ja
m'he feta benes s'espinadall... jja no seré dona
pusl... jap, dichl jaaapl

Com prou va haver cridat p se va esser lla-
mentada, s'esclamà:

—Sobre tot, ell no vetx ningú p'en lloch, p Si
jo metexa no m'axech, vatx a mú d'estar estesa
fins a la fi del mon.

AXÍ com pogué, s'axicó, se va asseure, s'es-
polsú, Ç a poch a poch, veu que no tenia, grúcies
a Deu, cap os romput, p que no més era estat es
cop. Llavó va reparar qu'allú hon havía arrabassa-
da sa fenopassa, e-hi havia un forat. Ja hu crech ,
que tot d'una li picà sa mosca d'aficar-hi ets ups,
p veu que tira endins ferm. E-hi pun un poch, p
",NA
73,"74 RONDAYES MALLORQUINES
se fa gran: ella s'afica, p per endins, V per en-
dins.

éQue me'n direu2 Ell e-hi degué estar tres o
quatre hores.

Al cap derrer torna sortir, fent unes riapes ses
més fresques del mon.

—jApl (deya ella) iJesús, quin panxó de riure
que m'he fetl /No havia rigut tant mapl yTench
por d'esclatar de tantes riapesl Tench por de tor-
nar fada amb aquest tant de riurel .. jSobre tot, ell
mos veurem ses caretes amb la princesal jQue'm
tiren d'una passa Si en contarli lo qu'he vist, no la
fas riurel /jNo se'n escapa de ses meues unglesl,.,
No res, no res: lo que m'interessa, es trompitxar,
que ja hauria d'esser a Ciutat, no fos cosa qu'un

altre me tragués sa carn de s'olla.

Y dque fa ellaP Tapa aquell forat amb pedres p
terra, e-hi dexa sembrada sa fenopassa de manera
que no fos conexedor que l'haguessen tocada, li
quedava mitx panet, p el se menjú amb una gana
major, veu un pou su-allà, pega una bona tímbola
d'apgo, se renta una mica, p, més fresca qu'una
cama-rotja, fris-lras, tris-tras, cap a Ciutat.

éQue m'en direu2 Ell e-hi va esser dins un pa-
rep d'hores. Es sol ja era post, roman a un hostal
de ses Enramades, p lo'ndemú se presenta a cà'l
rep, manades fetes p tota mesa.

La casa era plena, y e-hi devia haver, devant,
dues corterades de gent: uns qui entraven, ets al-
tres qui sortien, p els altres qui badocaven.
",NA
74,"LA PRINCESA BELLA 15

—4Y encara no ha rigut2 (depen, afanpantse,
es qui entraven).

—i Ni riurà mapl (depen, tot esmussos, es qui
sortien).

—jTot es fer retxes dins s'apgol (sentien per
un vent). —iTot es lladrar a estels dins un bassiotl
(sentien per un altre Vent).

. Y n'hi havia qualcun qui s'havia aficat dins es
Carabassot quela faria riure, P es tir li era Sortit - I
per sa culassa, que depa, tot escoat:

—iMal no rigués mapl

Y sempre n'hi havia un quèrn, al manco, de
malaxamussos, que responien:

—jiiAmentll

Sa japeta, com sentia allò, depa:

—jCoratjel jencara hi seré a tempsi jAnimetes :
santes del purgatori, que no fassa curtl

Comensa a aficarse de bon de veres dins es
botí de sa gent, P, colzades d'un vent p de S'altre,
no s'aturava de dir: /

—jLlecenciat iDexaume passarl jDexaume pas-
sar dichl /Veam si una criatura no porú passarl

Poreu fer contes que devia dir la gent, com
véren aquella veparda tan profidiosa p aficadissa.

—jDexaula passar a n'aquesta xarruchl (deyen,
tentli amples, perque n'eren astugosos).

—iXarruch o no xarruch, som axí com Deu
m'ha fetal (responia sa japa).

— Però squ'heu d'emperiolar per aquíP
",NA
75,"716 RONDAYES MALLORQUINES

—j Es cotril ique vos he de donar sa patent
joP Ses dictes del rep 4no criden tothom, sia vep
sia jove, sia homo, sia dona, sia el qui sia2

—y Esl jEsJ (cridava tothom) 49 aquesta mila-
na retuda, tot rúes p gép, més lletja que'l pecat,
vol fer riure la princesa

—iQue no veps, (li depa tothom) que lo que
feps es op2P que leps plorera2 que feps por2 que
no hu veps que no sou presentadora2 j Ell en veu-
re-vos, agafen ganes de dir: si éts bona cosa, ve-
pes que volsl

Bé n'hi digueren pera salar, però ella no s'atu-
rava map d'enforinyar p de lerse envant, p tant
s'hi va fer, qu'arribí a sa porta de Sa cambra de la
princesa, p aviat hep va esser dedins, Ç devant la

L princesa en persona.

—iJa poreu esser partida a descapdellari (li
digueren el rep p la reyna).

Ella s'arramba a n'es capsal des llit, p tota
xaravel-la, romp es foch d'aquesta manera:

—jBon dia tenga, senporeta mia, estel des
meus ups p alegria des meu corl

—Bon dia, comareta, (respòn la princesa amb
una veu ben fosca). .

—jO Deut (clamaren el rep p la reina p ses
dames): jp li ha contestatl

—IiQue no'm tapen es vent, senpor rep, per
amor del Bon Jesuset p de Maria Santissimetal
(diu sa japa), P, girada a la princesa, repren es seu
cap de fil: :
",NA
76,"LA PRINCESA BELLA 771

—lIdò ha de pensar p creure, senporeta mia,
que jo som una japeta de Capdepera, que n'estava
ben dejuna de tot lo que li ha passat p li passa a
Vossa Altesa, p tot d'una que m'ho han dit, som
venguda a peu d'aquell altre cap de mon... ja peu,
senyoreta mial

—jContau, comareta, contaul (diu la princesa
amb una veu una mica més clara).

—Y ha de pensar p creure, senporeta mia,
que jo m'en venia, pèu rossech, pèu rossech, amb
sos morros per sa terra, amb so senaponet en es
bras, pensa qui pensa que li havia de dir ú Vossa
Altesa que la fes riure, p no me venia res res en
es cap. Y a sa costa de son Comelles vetx una fe-
nopassa ben grossa ben grossa, p dich:—Ara l'he
d'arrabassar, p l'he de dur a la senyora princesa,
per ventura axò la farú riure. Li enteferr tirada
amb tota sa forsa, l'arrabés de rèl, pero jo vatx pe- l
gar de cul... jQuina culada tan teresta, senporeta
mial Crepa cert haverme romput s'òs mestre p
S'espinada, y e-hu hauria donat per ben romput,
sols per veure riure la senyoreta mia.

—jContau, comareta, contau, que m'agradaul
torna dir la princesa, ja amb una veu un poch més
viva, Y el rep Y la repna P ses dames, que comen-
saven a cobrar coratje.

—Y ha de creure p pensar, senyoreta mia, (re-
pren sa jaya), que com me vatx esser axicada p
espolsada, no hi va haver cap os romput, gracies
",NA
77,"78 RONDAYES MALLORQUINES

a Deu, no més va esser es cop. Repar qu'allà hon
havia arrabassada sa fenopassa s'era fet un forat,
e-hi puny un poch, P comensa a tornar gran Q
gran, p vatx veure que tirava endins ferm. Com
jo vetx allò, no vatx poder estar que no m'hi afi-
cés, senyoreta mia, Y ha de creure P pensar que
hi trob una escaleta que se'n anava per endins,
amb un escalonet d'or Ç un de plata: P jo per avall,
per aquella escaleta, Ç per avall, p per avall. As-
setsuaxí, senyoreta mia, trob un forn, que ses pa-
les totes soles hep enfornaven ensapmades, Ç en
trepen de cuptes, tot estufades p colradetes, que
fepen menjera. Y jo que dupa una fam, que no sé
com no quepa de cara, vatx dir:—jO que hu deuen
esser de gustosesl.., jen pendré unal Y ha de
creure Ç pensar, senporeta mia, que tot d'una
qu'allareh mú, sent una veu que diu, tota remoles-
ta: —c Quí es que toca axòP Jo responeh:—La co-
mare vella. —jBons tochs p'es morros a la coma-
re vella, que axò no's per ellal (diu sa veu). Y una
pala ja s'aborda a mi, p tochs p més tochs per
aquests morros meus, P, Si no tencfi sort de prende
s'escaleta, m'hauria morta aquella diantre de pala,
senporeta mia.

. —jContau, comareta, contau, que m'agradaul
—torna dir la princesa, amb una veu que ja no pa-
rexía sa metexa, amb uns ups que li comensaven
a ballar, p aquí va fer una micopa sa mitja. A les
hores sí que'n cobraren de Coratje el rep p la rep-
",NA
78,"LA PRINCESA BELLA 79
na p ses dames. Si no romperen en bots, crits p
mansballetes, fonch per por de no entrecuptarse,
p no espenparho tot, com e-hu tenien a bon port,
fonch per no tapar es vent a sa japeta, que seguia
sa seua contarella sense desmapar gens:

—Y ha de creure, senyoreta mia, que torn es-
ser partida per avall p per avall, per aquella esca-
leta, Ç per avall Ç per avall. Assetsuaxí trob una
cupna, ben gran ben gran, reblits els ollers p pa-.
rets d'olles, perols, pelles, casseroles p motlos
d'aram p d'estany, p demunt es fogons una partida
d'olles que bollien a la vela, sense ningú que los
anús derrera. M'hi acost, p dins totes e-hi havia O
pel o ploma. Jo, amb aquella fam que me feya veu-
re estels, dich: —YO quin brou tan bol pbé'm ven-
drú, en que no més sia una escudelletal En vetx
una de buyda, destap un'olla, e-hi afich sa cupe-
ra, p tot d'una sent una veu que diu, tota remoles-
ta: se Qui es qui toca axò2 Jo responch: —La co- 3
mare vella. -—iBons tochs p'es morros a la comare
vella, qu'axò no's per ellal (diu sa veu). Y sa cupera
metexa que jo tenia, ja s'aborda a mi, P tochs p
més tochs per aquests morros meus, P Si no tench
sort de pendre s'escaleta, me matava aquella po-
lissona de cupera: no tenia remep, senyoreta mia.

—jContau, comareta, contau, que m'agradaul
—diu aquí la princesa, amb una veu ja ben estil'la-
da, amb unes colors per sa cara P es brassos, que
no semblava sa metexa atlota. Aquí ja va fer sa
mitja a la descuberta, p digué:
",NA
79,"4
80 RONDAYES MALLORQUINES

El iMe vup asseurel jme vup asseurel

El rep p la repna p ses dames l'assegueren
demunt es llit, p li posaren un parep de coxins de
plomes derrera, per que estigués millor, p. no po-
guéren pus: se posaren a fer bots, de s'alegria que
tenien, però... ben alerta a obrir boca, Ç a tapar
es vent a sa japetal... que ja tornava descapdellar
a la vela d'aquesta manera:

—Y ha de creure p pensar, senyoreta mia, que
jo per avall altra volta per aquella escaleta, p per
avall, p per avall. Assetsuaxí trob un menjador
com una esglesia, amb una taula de daltabaix, pa-
rada de tot, ahon no hi faltava un amèn: allà arròs
engrogat, allà grexera, allà estulat amb fupes de
llorer, allà pollastres farcits, allà porcelles rostides,
alló ensapmades amb tapades, bunyols de vent,
tortades, orepanes, neules de poncí, pans d'en
Pou, coques rosades p menjar-blanch: alló mosca-
tell p melvasia, tots es suehs més esquisits. —ÇO
que'm caurà de bé a mi (depa jo), maldement no
més sia una cuxeta de pollastre, amb aquest ga-
vatx tan pansit que duchl ,O que m'hi caurà de bél
M'acost a n'es pollastres, allarch mà a un, Q tot
d'una torna resplandir un diantre de veu, ben re-
molesta: —i Qui es que toca axò2 Jo responch:—
iLa comare vellal—ji Bons tochs p'es morros a la
comare vella, qu'axò no es per ellal (diu sa veu).
Y un parep de forquetes de plata ja s'afúen a mi, p
tochs p més tochs per aquests morros meus, P
",NA
80,"LA PRINCESA BELLA 81 i
Si no tench sòrt de pendre s'escaleta, me mataven
aquells dimonis de forquetes, senporeta mia. 3
—iContau, comareta, contau, que m'agradaul
—elamú aquí la princesa amb una veu ben argen-
tina, amb una riapeta ben fresca a sa boca, p per
sa cara P p'es Coll li vepen sa pell que s'estirava,
que se'n anaven ses rúes, P tot s'enredonia, Y com
que li vessen passar entre carn P Cupro glopades
de llet y grana. Y va dir amb sa metexa seguida a
son pare Q Sa mare:
—jiQue'm duguen sa roba, que'm vup vestirl
El rep y la reyna p ses dames, tropell tropell, li
dugueren sa roba, p se posen a vestir-la. Y s'hi
havien de mirar ben molt, perque de s'alegria que
los ballava dins es cor, no sabien quin cap los
anava devant. jO que se'n varen haver de fer de É
forsa per no rompre en critsi... però e-hi anaren
ben alerta a tapar es vent a sa japeta, que ja tor-
nava descapdellar de bona manera:
—Y ha de creure p pensar, senyoreta mia, que
jo de bell nou, hala per avall, per aquella escaleta,
V per avall, Y per avall. Assetsuaxí vetx un portal,
el pas, p va esser una cambra, mol més gran P
molt més hermosa que no aquesta, Ç no hu dich
per desjectarla-hi, perque no té res que desjectar.
Dins aquella cambra e-hi havia un llit'fet, amb sèt
matelassos. —yBé'm cauró aquest llit, (dich jo) tant
cansada com vench, jeuré una estoneta. Encara no
m'hi som enfilada, com ja torna resplendir un dian-
",NA
81,"82 RONDAYES MALLORQUINES

tre de veu, tota remolesta: —ç Qui es que toca axò2
Jo responceh: —La comare vella. —j Bons tochs p'es
morros a la comare vella, qu'axò no's per ellal (diu
sa veu). Y ses quatre massetes des pilars des llit,
giehl se destiquen, V ja estún abordades a mi, 9
tochs p més tochs, totes quatre, per aquests mo-
rros meus, P, Si no teneh sòrt de pendre escala,
me maten aquells dimontres de massetes, senpo-
reta mia.

—jContau, comareta, contau, que m'agradaul
—elama aquí la princesa, amb unes riapes ben
fresques, amb una cara com si no hagués estada
malalta map, amb uns ups que n'hi havia per tor-
nar-hi locos, p amb sa metexa seguida diu:

—jMe vup axicarl jme vuy asseure en es cap-
sal des llit, una estonetal

El rep Y la repna en sos seus brassos l'axica-
ren, p l'assegueren a una cadira de repòs, ahont
no havia segut ningú map.

Llavò sí que hu va esser com un miracle que
ells dos p ses dames se poguessen detenir, amb
s'alegria p sa gaubansa de que esclafia's seu cor.
E-hu varen haver de fer de tot, però de tot, per no
tapar es vent a sa japeta, que seguia's seu cap de
fil com tot una dona:

—Y ha de creure P pensar, senyoreta mia, que
jo de bell nou, hala per avall, per aquella escaletal
V per avall ç per avalll Tant m'hi vatx fer, que
arrib a bax de tot, Y me trob dins un jardí, sa co-
",NA
82,"LA PRINCESA BELLA 83
sa més bella p més delitosa qu'enteniments nats
puguen pensar: tot eran rosers reblits de roses, p
clavellers qu'es clavells se tocaven, amb unes au-
fabagueres p vauma-roseres que pegaven per sa
cinta: tot eren taronjers carregats de taronjes com
es dos punps, pereres Ç peramanpers amb unes pe-
res Ç Uns peramenps més espessos qu'es cabeps
des cap, p una mala fi de pomeres que s'esbranca-
ven de pomes que dupen, sanes, molsudes, lluen-
tes. Per que no'm succeís es metex pas de ses al-
tres vegades, jben alerta que hi vatx anar a tocar
cap frupta ni cap florit M'assech bax d'una pomera,
en mitx d'un claveller p d'una aufabaguera que to-
ta me tapaven, p fepen una oloreta sa cosa més fi-
na y suau qu'haja sentida may en la meua vida. No
gapre enfora e-hi havia un brollador tot escabepat,
com si li bufassen des mitx. Devia tirar s'apgo
trenta pams amunt. Asseftsuaxí sent una cantoria a
l'apre, p vetx un esbart d'aucellets verts que se'n
venia volant. Se posen a volatetjar entorn des bro-
llador, Y tots es qui los feria un esquitx d'apgo
tornaven uns joves d'una vintena d'anps, galants
V plantosos, però amb una cara ben trista. N'afin
un, que parexia's caporal: els altres li fepen la
cort, era més alt p garrit que tots, galanxó, llam-
briner, amb una cabepera d'or, amb una cara... jo
quina cara més ben fetal Però el pobret, se cone-
Xia que no tenia conhort. Si els altres estaven
trists, ell e-hi estava cent voltes més. /O quin enuig
",NA
83,"84 RONDAYES MALLORQUINES
que dupal Plorava com un nin petit, Els altres no
li llevaven sa vista de demunt, no vepen res fora
d'ell, el pobret no més vepa una capseta que tenia
uberta en ses mans: tenia ets ups aficats dins aquella
capseta, P plora qui plora. A la fi, treu allò que hi
tenia dedins, p se posa a besar-ho, Y no s'ho poria
llevar de sa boca. Eren tres coses que besava: una
pinteta d'or, que parexia feta aposta per pentinar
Vossa Altesa, una veteta tota mostretjada, que no
Vvatx poder afinar bé de qu'era. Lo que puch dir
que no n'he vista cap map de tan preciosa, p que
també parexia feta aposta p'es tronch de sa tru-
npella de Vossa Altesa. Sa tercera cosa era un ca-
bepet ros, llareh, ben llarch. jA, senporeta mial
no voldría fer mal, pç que m'ho perdon per amor
de Deu p Maria Santissimeta, però ara que li re-
par aquests cabeps tan rossos p tan llarchs, just or
filat, diria mentides p me faria mal, si no li depa
qu'aquell cabepet era just just arrabassat de sa
cabepera de Vossa Altesa. Y ha de creure p pen-
sar, senporeta mia, que mentres besava un cop sa
pinteta, un cop sa veteta, un cop es cabepet, depa
amb una veu qu'hauria xapades pedres, de llasti-
mosa p adolorida:
—IO pinteta mial

jo veteta mial

jo cabeyet mi,

de la senyora mial

:Que deu esser d'ella2

ique deu esser morta2
",NA
84,"LA PRINCESA BELLA 85 i
ique deu esser viva2
IO trist de mil
io llas de mil hu
que jo per ella y j
voldria morir. /
Y aquell jovenet, plors p descapdelll Ç torna- i
va a dir ses metexes paraules, p les va dir no sé
quants de pichs, sempre amb so metex plant. i
Assetsuaxí s'apgo des brollador, amb una bulada —— /.
de vent pega demunt aquells joves, p tocarlos p I
tornar tots aucellets verts, va esser tot ú... jO I
quina casta de dona som jo, senporeta mial 4 Que's
creu que vatx fer, devant aquell pasP Idò escla-
fir de riure com una babaluet, amb unes riapes que
no sé d'hont me degueren sentir. Y dich tot d'una:
—Me'n vatx a contar tot axò a la senporeta mia,
P ijque'm tiren d'una passa Si, en sentirme, no riul
Prench s'escaleta, p per amunt, me'n vench a Ciu-
tat, p vatmetaquí que ja le hi he contat tot, sense
llevar ni afegir res, tal com me succeí, Ç amb
aquesta veritat me'n voldria anar al altre mon, se-
nporeta mia, mirap des meus ups, éstel de la meua
vida p alegria des meu Cor.
Encara sa japeta no havia acabat, com la prin-
cesa, sana p bona, p més falaguera P xalesta que
map, s'axeca dreta, Y diu tota rebenta:
—j.ja estich bona de tot, gràcies a Deul jAra
metex, comareta, hem d'anar a veure tot axò que
m'heu contatl jAra metex, mon pare p ma marel
jAra metex, dames meuesl jAra metexl
T. 1.—ó.
",NA
85,"86 RONDAYES MALLORQUINES

Ningú hi va fer dos mots: tothom clamava:

—jEndevantl jJa hi hauríem d'esserl

Enganxaren es cotxo: la princesa, sa japeta,

, el rep p la repna s'hi aliquen dedins, p de d'all
Cap a sa costa de So'n. Comellesi p totes ses da-
mes p nobles de la cort, a cavall, derrera derrera.

Amb quatre bots e-hi foren. Sa japeta los mos-
tra sa lenopassa, la lleva des forat, decanta ses
pedres p. sa terra que hi havia posada, Y al punt es
forat va esser com s'altre pich.

La princesa p ella hi devallen: ja troben s'es-
caleta amb un escalonet d'or p un de plata, Ç per
endins p per endins. Al punt troben es forn, p ses
pales totes soles, treu qui treu ensapmades.

—iQue'n prenga una, senporeta mial (diu sa
jaya).

La princesa la pren, Y tot d'una resplandex una
veu, tota remolesta:

— i Qui es que toca axòP

—La princesa bella, (diu sa japa).

—IiTot vaja per la princesa bella, que tot es
per ellal

La princesa treu s'up a s'ensapmada, el se men-
ja, y dona la resta a sa japa, dient:

—Hala, comareta, fasem-mos més endins.

Prenen de bell nou s'escaleta, p per avall. Al
punt troben sa cupna, amb sa partida d'olles en es
fogons, bull que bull, p un cuperot de plata de-
yora.
",NA
86,"LA PRINCESA BELLA 87
—ijQue tast aquest brou, senyoreta mial (diu
sa jaya).
La princesa afica es cuperot dins un'olla, P tot
d'una resplandex una veu, tota remolesta:
—s Qui es que toca axòP
—La princesa bella, (diu sa japeta).
—jTot vaja per la princesa bella, que tot es per
ellal
La princesa treu es cuperot, tasta's brou, p el
fa tastar a sa japa, dient-li:
—Hala, comareta, fassem-mos més endinsl
Prenen de bell nou s'escaleta, p per avall, Q
per avall. Al punt Son en es portal des menjador:
e-hi entren, troben aquella taula tota parada, P
tampoch no hi faltava un amèn.
—jQue prenga qualque cosa, sols que hu tast, 3
senyoreta mial (diu Sa jaya). :
La princesa s'ho mira tot per veure que tria-
ria. Lo que més li agradú fonch una neula de pon-
cí. E-hi allarga sa mú, p tot d'una resplandex una
veu ben remolesta:
—i Qui es que toca axò
-—La princesa bella, (diu sa jaya).
—ITot vaja per la princesa bella, que tot es per
ellal
La princesa xapa sa neula de poncí, se'n menja
un tròs, p dona s'altre a Sa japeta, dient: I
—Hala, comareta, fassem-mos més endinsl
Prenen de bell nou s'escaleta, p per avall p
",NA
87,"88 RONDAYES MALLORQUINES
per avall. Al punt foren en es portal de sa cam-
bra, e-hi entren, Y troben es llit amb sos set mate-
lassos.

—Que repòs una estona en aquest llit, que ja
deu estar cansada, (diu sa japeta).

l —Ni jens, (respòn ella).

—No res, sols que's puga dir qu'e-hi ha repo-
sat, Íque s'assega en es capsal, Y que hi tomb es
cap una micopa.

La princesa s'asseu, p al acte que tomba's cap,
resplandex una veu, tota remolesta:

—i Qui es que toca axò2

—La princesa bella, (diu sa jaya).

—iT'ot vaja per la princesa bella, que tot es per
ellal

No fepa mitx minut que la princesa tenia es
cap tombat en es llit, com ja s'es axicada, p tota

È rebenta diu:

—Hala, comareta, fassem-mos més endinsl

Prenen de bell nou s'escala, p per avall p per
avall. Com se'n teméren, foren dins aquell metex
jardí, p devant aquell brollador.

—Senporeta mia, (diu sa jaya), per amor de
Deu y de Maria Santissimeta, amaguem-mos, abans
de més rahons, devall aquesta pomera, que va esser
allú hont me vatx amagar s'altra vegada. Aquest
claveller tan alt p esponerós p aquesta aufabague-
ra, que du tanta tòria, pararún que no mos vejen
es qui no mos han de veure.
",NA
88,"LA PRINCESA BELLA 89
Allú s'amagaren totes dues, ben amagades, ben
arrufades, sense bategarse gens, sense alenar, com
aquell qui diu.
No era jens conexedor que hi fossen. Hauria
pogut passar qualsevol, ran-ran, P no se seria te-
mut d'elles.
éQue m'en direu2 Ell al punt sentiren sa can- i
toria al apre Y un renou d'ales que se'n venia, P
tachl ja tengueren volatetjant per aquell endret es
metex esbart d'aucellets verts, p aquell cosset seu
10 tenia repòs, p fues p enfuptes d'assí p d'allà.
—jO comaretal (li va dir la princesa ben petit 3
ben petit a cau d'orepa): jes just just s'esbart que
m va pendre ses tres jopes que'm faltenl qjustifetl
pjustitetl
—jQue call, senporeta mia, per amor de Deu
p de Maria Santissimetal (diu sa japa, tan bax
:0m pogué).
Y heu de creure p pensar qu'ets aucellets co-
nensen a acostarse a n'es raps des brollador, Techi/
os feria un esquitx, y tornaven uns joves galans
) plantosos, pero amb una cara ben trista ben tris-
a. Aviat destriaren aquell que parexia's caporal:
ls altres li fepen la cort. jE-hu era més alt p ga- I
rit que tots, ç més galanxó, p més llambrinerl
E-hu era just or sa seua cabepera, p Sa seua cara
na pintural Però era ver que'l pobret no tenia
'onhort, no's pot dir s'enutx que demostrava. Els
EUs UPS eren com a dues fonts, P no los lleyava f
",NA
89,"90 RONDAYES MALLORQUINES
d'aquella metexa capseta que dupa amb ses mans.
Ell no fepa sino mirar dins aquella capseta, p ets
altres no fepen més que mirarlo-se a ell. No ten-
gueren altre lloch per anar a seure sino just devo-
ra aquella aufabaguera p aquell claveller ahont
estaven amagades la princesa Ç sa japa, jses de-
rreres que varen tenir de repararlesi
Y aquell jovenet, qu'amb una espatla fregava
s'aufabaguera, no parava de plorar, amb sa vista
clavada dins sa capseta, p entre llament p llament
9 singlot y singlot, no s'aturava de dir:
—iO pinteta mial'
jo veteta mial
jo cabevet mí,
de la senyora mial
iQue deu""esser d'ella2
ique deu esser morta2
que deu esser viva2
iO trist de míl
jo las de míl
que jo per ella
voldria morir.
Acabú aquestes paraules, però no acabé's plors
p descapdell, aumentaren es llaments p es singlots.
A la fi, treu aquella pinteta d'or, per besarla, però,
quant la se dupa a sa boca, Surt una maneta blanca
d'aquella aufabaguera que tenia just devora, sa
maneta de la princesa, VY li pren sa pinteta, Y se
torna enfonçar.
Ell ç es seus companys quedaren com uns en-
sensats.
",NA
90,"LA PRINCESA BELLA 91 r
Des cap d'una estona, treu aquella veteta, tam- i
bé per besarla, P quant la se dupa a sa boca, Zas/ l
surt de bell nou aquella maneta blanca, de s'aufa-
baguera, P li pren sa veteta, p se torna enfonpar. i
Llavò sí que hi quedaren abitlats ell Ç es seus
companyons. V
Des cap d'una estona, treu es cabepet, també
per besarlo: tot just quant el se duVa a sa boca,
Zas/ ja torna Sortir sa maneta blanca de s'autaba-
guera, agafa es cabep, p li pega estirada. Però es
jovenet va tenir fort, p estirà més rostit, p se'n va
dur sa maneta Y es bras p tot es còs de la princesa,
que sortí de dins s'aufabaguera, més galanxona,
més gentil, més xalesta que map, dient a n'aquell
jove:
—Tu ets que'm prengueres sa pinteta, sa ve- En
teta p es cabepet.
—3Y tu ets que m'has desencantat a mi p tots
es meus companpsi (diu ell). Y, Si hu vols sebre,
jo som rep, P aquests sones nobles de la meua cort.
Una mala fada mos havia enfadats, p sols mos po-
ria desenfadar una donzella fia de rep, com tu. Ara
mana-mos fepnes, que tots estam a ton manar.
Tant ell, com ella, com sa japeta, com aquella
partida de nobles, no hi cabien de goig p alegria,
no sabien que los passava. :
— 4 Vols que mos casem2 (diu ell).
—Si no'm cas amb tu, no'm casaré amb ningú,
(diu ella). Aquí dalt e-hi ha mon pare p ma mare:
anem a demanar-los es consentiment.
",NA
91,"92 RONDAYES MALLORQUINES
Tots prengueren s'escaleta, V per amunt p per
. amunt, fins que foren en es cap de dalt de tot.

Com el rep p la reyna, ses dames Y es nobles,
qu'esperaven a sa costa de So'n Comelles, veren
la princesa p sa japa amb aquell altre rep p Sa
partida de nobles que los anaven derrera, queda-
ren amb sos cabeps drets.

La princesa p el rep desenfadat e-hu contaren
tot, demanaren per casar-se, los donaren es sí, se
casaren, p se feren unes noces p unes festes map
vistes. Tengueren amb ells sa javeta fins que se
morí, varem viure sempre com Jusep p Maria
anps p més anps, estimats des seus vassalls p res-
pectats de tots els altres reps, p, Si no son morts,
son vius, P, Si no son vius, son morts, y al cel
mos vegem tots plegats. Amen.

Torre Nova, Setembre de 1896,

y
",NA
92,"IIIIIIIIIIIIIIIIIÓ
ES FIY DES PESCADOR 7
—restl) PO OO- Que
Xò era un pescador d'Andratx, que no
A tenia altre Deu més qu'es pescar, p de
dèu dies nou, tornava axí com se'n era
anat, perque's pex, tot d'una que'l veya que ti-
rava púu a sa pesquera, e-hi acudia a menjarle-hi,
fins p tot li saupava s'esca, P com prou li havia
tetes ses ontes p ses ganes, s'espitxava, p cbona
nit si't colguesto
A cà-seua no e-hi havia recordansa de qu'ha-
guessen acabada map sa talent primer que's pa.
Si no fos estat que no més tenien un atlot, en Jua-
(1) La'm contaren la Escma. Sra, Marquesa de Montoliu,
nadiva de Mallorca, n'Antonieta Socies y Morell, en Toni Ga-
rvit, de Sent Llorens, el sen Toni Nebot, Lex, y en Xerafí Bua,
de So'n Servera,
",NA
93,"94 RONDAYES MALLORQUINES 3
net, P que Sa dona era de s'up des vent per tot, Q
aguantava la mestra a forsa de palanquetjar Q de
tenir poca vessa, se serien morts de fam.

Sa dona ratxava ses espases com veya qu'ella
tota sola havia de dur la casa, p que s'homo no
més li apdava a sa taula, a llevar concert des vent,
perque tenia una barra de foch, p s'hauria acabat
un llinatje. Ella bé li depa que per amor de Deu ti-
rés canpetes, ams p ginpes a n'el dimoni, p fés
qualque brot de fepna, però ell, més cabessut que
un forch d'aps, com més anava més vela.

Sa dona que tenia prous maldecaps amb so dur
busques a n'es niu p s'atlot en so jugar, succeiía
que, en no esser una cusseta que tenien, més ma-
gra qu'un garrot, ningú map li sortia a camí, com
S'entregava de pescar.

Un dia de mar grossa, que Ses ones, com se
rebatien a ses penyes, a voltes alsaven una torre
d'apgo p sabonera de coranta p de cinquanta pams,
y amb aquells cops tota sa ribera tremolava, p mo-
vien una remor feresta, esglapadora, qu'entrava
dins es cervell, idò aquell dia p tot, es pescador
d'Andratx volgué tirar Sa ginya. Se plantí a una
pesquera ahont ses ones no més arribaven de re-
bot, p halal bones grapades de púu, p Canpeta al
apre, p amb s'am ben escat per dins aquells sabo-
nerals.

Estú qui està, esperant que li picassen, passa-
ven hores p hores sense veure cap llambre ni sen-
",NA
94,"ES FIY DES PESCADOR 95 i
tir fressa de res, fins que cop en sech li peguen ti-
rada. Encara que tengués fort, sa canya li salta de
ses mans, li botex més de vint passes mar endins,
p guapta tot just un pexot com un bou, amb s'am
enganxat a s'esquena, amb tunes verducades Ç uns
brúfols que fepen més feredat que ses ones mete-
Xes.
—e Qui es estat aquest desentreit que s'atansa l
a tirarme un am a mi, que som el rep de tota aques-
ta maro—diu s'animalot, mirant ben arreu per
aquelles penyes. A
Ja hu crech que m'afina s'andritxol amb sos ca-
beps que s'alsaven des cap, blanch com la paret,
més retgirat qu'un poll devant sa milana.
—3Jo no som jol (depa's mesquí): jno hu he fet
apostal jque'm tiren d'una passa si le-hi he fetl
Jo sé ben cert que no e-hi era per tul jJo no sa-
bia que fosses per aquíl... iNo- dich cap menti-
dal... iTan cert com s'ha dita missa avupl
—3A, nol (diu s'animalot): la m'has feta2... La
m'has de pagar: ara metex te menj, Ç axí un'altra i
vegada estarús més alerta a tirar ams a la bebet-
lana.
—jiNo'm menjes, per amor de Deul (depa es
betzol) jjo't promet que no hi tornaré pusl... it'ho
jurl jt'ho jurl...
Y plorava com un nin petit, amb unes llàgri-
mes com es puny, p pregàries d'un vent p de s'al-
tre.
",NA
95,"96 RONDAYES MALLORQUINES

—No res, (diu es pexot a la fi): no te menja-
ré, si'm promets dur-me aquí metex, d'aquí a un
any p un dia, lo primer que't sortirà a camí quant
arribes a cà-teua.

—ISí que t'ho prometl —diu tot rebent s'andrit-
Xol, considerant que map li sortia ningu més que
sa eusseta. (Sí que t'ho durél,.. no tengues ànsia,
t'ho durél... jcom som homol... jt'ho jurl jJesús,
crevetal

Y, encrevant es dos dits grossos, besú tres o
quatre vegades.

—Mira, (diu es pex) no't cregues poder-hi
bovetjar amb mi: si no m'ho dus, dins tres dies se-
rés mort.

—No tengues únsia: paraula que jo don, la fas
tenir vera: primer e-hi va's coll.

—Ara hu veurem, (diu es pexot), p ja s'esquit-
Xa per endins, més falaguer qu'un delfí.

Es pescador amb una grapada tira a la mar
tots quants d'ormeps dupa, V, Cap a ses cases
manca gent, ben atacatl Y desiara se girava derre-
ra, de por que's pexot no se fos refet, P no ha-
gués saltat a terra, p l'encalsés, perque se figura-
va haver-li vistes quatre cames, p unes ales p tot
per volar.

Y no s'aturava de dir:

—jDe bona me som escapat: jCom es vetla
vera veu, que no sé com som viul... (No, Ç jo ja
me vepa dins aquella butza tan inflada que me
",NA
96,"ES FIY DES PESCADOR 97
trepal... itres o quatre homos sencers hep deuen
quebrel... jO quin animalotl... Sobre tot, imar
torn jo, si jo torn a la mar en tots es dies de sa
meua vidal... jUna p olil... jme valdrà per ve-
gadal
Fent aquestes solfes s'acostava, s'acostava a
cà-seua. E-hi devia haver mitja hora de sol: jus- /
tament en Juanet jugava per defora, p s'atlot tot
d'una que'l veu, ja's partit corrents cap a ell, cri-
dant:
—jMon parel... jmon parel... jo que veniu de
presti :.Que tant metex en dups cap
Es pobre pescador quedà mort, li vengueren
tombs de cap, s'hagué d'asseure.
Li demanaren que tenia. No hu volgué dir. Lo
que digué, que no'l veurien pescar pus, p que ve- È
nia ben resolt a posarse a sa fepna lo'ndemú me-
tex, p nola dexaria, mentres s'edat le-hi com-
portés.
Y ho va fer tenir ver: desd'aquell dia fonch un
dels homos feners que hi havia. Y li passava una 3
cosa ben rara: es doblers li entraven, Y no sabia
per hon, p en tenia més que no'n volia, p, com
més s'acostava es termini que li havia posat es
pex, més n'hi venien. i
Però ell, com més doblers tenia, més trist
funest se posava, P arribú que no tastava res res,
—é Però que tens2 (depa sa dona). Ara que te-
nim tanta baldó, te poses tristP /No haviem estats
tan bé mapl
",NA
97,"98 RONDAYES MALLORQUINES

Ell no responia, sino que se'n anava a un lloch
que ningú'l ves, Ç rompia en plors, Y es seus ups
eren dues fonts.

Aviat se cumplí s'anp y es dia, Ç no li bastà
cor de dir lo que fepa al cas, p se va haver d'ajeure
de malalt: ja no s'aguantava.

Bé li demanaven que tenia, no li pogueren
treure paraula, fins que's dia que fepa tres, veent
qu'anava a morirse de tot, badú boca, p digué:

— 4 Voleu sebre que tench2 Idò vautaquí: Aquell
dia que vatx venir de pescar, P vatx dir que
no'm veurien pescar pus, era que me sortí un pe-
Xot que'm volia menjar, p me digué que'm dexa-
ria fer, si li prometia de durli dins un anp p un dia
lo primer que me sortís a camí, p que, si no le-hi
duya, dins tres dies jo seria mort. Jo le hi vatx
promete, sabent que map me sortia a camí ningú,
en no esser sa cusseta, p justament aquell dia m'hi
sortí en Juanet. Despupsahir s'altre, se cumplí s'anp
p es dia, p no vatx fer lo qu'havia promès: per
axò'm mupr.

—ldò aviat estareu bo, (diu en Juanet). Ara
metex me'n hi vatx: digau-me a ne quina pesque-
ra vos succeí axò, p veureu que d'aviat e-hi seré.

—No, Juanet, (depa son pare), ja val més
que'm mupre jo, que no he feta petjada dreta may.
jo vatx fer es pecat, jo he de fer sa penitència.

—AXÒò Sí que no hu permetré, (respon s'atlot):
vos digau-me quina pesquera es, i
",NA
98,"Pres SPSS ES pe RI Is EE ME SSCIÓ 1 mes A a a P ga, re TO a EE
ES FIY DES PESCADOR 99
A forsa d'impugnes, s'atlot le-hi arribà a treu-
re, p dexant la casa alta de plors p descapdell, ja
es partit cap a n'aquella pesquera.
E-hi arriba, Y troba's pexol que l'esperava x
fepa tres dies.
—Ja'm pensava que no vendries, (digué com
el va veure). No res, axanque't demunt mi, afe-
rre't fort, p no hajes por de res.
En Juanet s'hi axanca p s'alerra, p s'animalot
pega coetjada V altra, Y per endins s'ha dit, com
un llamp. )
Aviat varen haver perduda Mallorca de vista,
p ells per endins V per endins.
Des cap d'un parep d'hores, destriaren uns
penyals dins sa calitja de s'entrellum, p es pexot :
cap dret a ellsl Amb una eczalació e-hi foren bax:
era una muntanpeta que fepa aquell capserrat, Q
e-hi havia una teringa de coves, qualcuna grossa
ferm, ahont la mar entrava, p ses ones hep movien i
un renou esglapador.
Es pex s'afica dins una d'aquelles coves, Q
hala per endins, P per endinsi
Al punt no hi véren, dues passes lluny, ni dos
pams, ni dos dits: sa fosca ja era tan espessa, que
la porien tapar a espasades. Ja fepa una bona es-
tona que s'era abolida de tot sa clarura de Sa boca,
p es pex encara se'n'anava de d'allà, ben acanalat,
A la fí s'atura, p diu: 3
—Paupa a man dreta.
",NA
99,"100 RONDAYES MALLORQUINES

En jJuanet paupà.

—i Trobes tort

— Sí que'n trob.

—Idò puje-hi, p jalerta a moure't d'aquí, fins
altra ordel

En Juanet va creure, p sentí's pex que se'n
tornava es més descansat del mon.

Es renou que fepa amb ses coetjades p ver-
ducades va anar morint morint, fins que se morí
de tot, p aquell atlotó va romandre tot solet, de-
munt aquella seca, dins aquella fosca corgeladora,
sense sentir res, sense veure res, com si es Sol,
sa lluna p els estels se fossen apagats, p el mon
hagués fet tot up, fora ell p sa seca que'l sostenia.
No gosava moure-se, de por de caure dins s'apgo,
y vepa qu'es cridar era ben demés.

Des cap d'una bona estona, com li va haver
passat una mica es retgiró, va notar que sentia
alens, però tan petits P tan Suaus, que per sen-
tir-los havien d'escoltar de tot.

No pogué distingir si eren de persones o d'ani-
mal, p per més ganes que li venien d'acostars'hi
o de eridar, per Sebre qui era aquell qui dormia
tan descansat, se'n guardú com de caure, per por
de sa por.

Y passú un dia 9 un altre dia, Y una setmana
p un'altra setmana, p un més Ç un altre més, p
en Juanet sempre demunt aquella seca, no sentint
res pus qu'aquells alens, no veent res pus que
",NA
100,"da ara Pia ler as da da da a: a ta i ll
ES FIV DES PESCADOR 101 l
aquella fosca, tan negra, tan espessa, tan corge- Ei
ladora. NS
Y lo bo era que, en tenir talent, allargava / 3
mà, P un Cop trobava un plat d'arròs, un cop un // i
ou estrellat, un cop un botifarró o un tros de so- / l
brassada, p fins Y tot a voltes trobava qualque ta- / / È
labant de porcella rostida, amb una conna ben gru- xi / L
xada, brévola p cruxent, P, en tenir set, no fega
més qu'allargar sa mé, p Zas/ trobava ara un /
tassó d'apgo com un gel, p suara un tassó.de ví, l :
d'aquell que diu: aquí som jo. l / i
—Sobre tot, (depa en Juanet) ja hu vorem en Ú j 3
Gelat aont s'ajeurà. Es ver qu'estich tot sol, p
que'ts ups ets-e poria posar amb apgo-sal, per lo oa
que m'en servesch, però menj p bech com es pri- GE En :
mer senpor, y lo que no es a un cap, es a s'altre: Ella:
y molt pitjor poria estar, Ç no voldria haver de GE J
mantenir tots es qui hi estén. a)
Com va fer mitx anp que's trobava d'aquella 3
manera, assetsuaxí sent una veu que diu, tota re- 3
molesta:
—i Que dus pedra foguera p esca2 CE
-—Ni pedra foguera ni esca (respòn ell). Jo no
som fumador.
Aquella veu no va respondre, Ç s'allot torna :
romandre com abans, Sentint aquells alens, que ni :
crexien ni mancabaven ni's descompassaven per
res map. ,
Passaren dies p més dies, setmanes p més set-
T. He—7e
",NA
101,"102 RONDAYES MALLORQUINES
manes, passaren mesos, passéú mitx any, p asset-
suaxí En Juanet sent aquella metexa veu, que li
diu, tota remolesta:

—i Que t'agradaria anar a veure ton pare p ta
mareP

—Lo que m'agradaria més del mon, (respòn
ell).

—Idò (li diuen) si promets de tornar dins sèt
dies allà hon te dex es qui ara vendrà, te'n hi ani-
rés.

—BE-hu promet, p si voleu que hu jur... (diu
ell).

—No importa (li responen).

Aviat sentí s'apgo que's movia, Y jbones bras-
setjadesi d'un qui s'entregava nadant ben afuat. Al
punt el se va tenir just devora, p sentí que li depa:

—Axanque't demunt mí com s'altra vegada, p
aterre't fort.

Aquí va conèxer qu'era aquell pex. S'hi axan-.
ca, s'aferra, P es pex ja es partit, just un coet.

Aviat apuntó sa clarura de sa boca de sa còva,
va créxer va créxer, tornú clara de tot, la passa-
ren, prengueren per dins la mar gran, p de d'allàl
Era devers mitx dia.

""JO que hi estava de content En Juanet com
vepa sa claror del Sol, tan viva, tant xalesta, tan
saborosa: com veya la mar tan plana, tan ajogas-
sada p etxerevida, com veya sa blavor del cel, tan

—— nova, tan fonda, tan neta, tan rioleral jja hi xalava
aquell cossetl jja n'hi passava de gustl
",NA
102,"ES FIY DES PESCADOR 103 s
Però encara s'alegria p sa gaubansa li reven-
gueren, tot d'una que colombré, dins sa bopra de Ó
s'entrelluu, sa Dragonera, p es putx de Galatzó,
p Es Major, p ets altres que los acompanpen, P ses di
costes d'Andratx, Y sa metexa vila. ds
Aviat foren bax d'aquella pesquera aont s'era
embarcat s'altre pich.
—iHala, espedexi (diu es pex): dins sèt dies
aquí t'esper.
—No tengues ansi, (diu En Juanet), dins sèt
dies seré aquí. l
Pega bot, toca a penyes, Y per amunt, cap a :
ca-seual
Amb quatre llongos e-hi va esser: Vno vos
dich res, son pare p sa mare, com el veren, lo que
varen fer: s'aferraren per ell, plorant d'alegria
com a nins petits, p el se cupdaren a menjar de be-
sades, p acudiren es vepnats, P tothom aferrat p'En
Juanet, p crits P renou, P tot es carrer alt.
S'atlot va contar tot lo que li havia succeit p
que dins sèt dies se'n havia de tornar,
Ningú s'en poria avenir, P dins Andratx no's
parlava d'altra cosa.
Sa mosca que més picava sa mare, era que li
haguessen demanat si dupa pedra foguera p esca:
p depça:
—èQui sabP Per ventura era aquell d'ets alens d
que le hi demanava per fer foch p veure-hi qual-
que mica. Sobre tot, 49 quin mal e-hi pot haver de
",NA
103,"rei des de a Li SL dd ES dl HS aa dd a ES do Ll
104 RONDAYES MALLORQUINES :
dur pedra foguera p esca2 Cap, jo lo que faré serà
posarn'hi, d'amagat, dins una butxaca: p llavò li
posaré un bon grapat d'estopa, una candela ç un
- — trinxetó, per lo que puga esser.

Ja hu crech que le hi posú tot axò dins Sa but-
Xaca, p ben d'amagat.

En Juanet no's va tèmer de res: des cap des
sèt dies se despedí de son pare p sa mare p de tot-
hom. Se'n va a n-aquella pesquera, e-hi hagué's
pex que l'esperava, s'hi axanca demunt, p S'ani-
malot per endins p per endinsl

Al punt destriaren es penyals de sa muntanyo-
ta, e-hi arriben, s'enfonpen dins aquell metex co-
val, p hala per endins p per endinsi

Es pex el torna dexar demunt aquella seca, p
gira en coa. Sa ramor de ses seues coetjades anó
morint morint, fins que's morí de tot, y En Juanet
romangué de bell nou dins aquella fosca tan es-
pessa, sense sentir res pus qu'aquells alens de s'al-
tra vegada, qu'eren justifet justifet.

Y li succeia io metex: en tenir talent, allarga-
va sa mú, p venga un bon plat d'arròs o un ou es-
trellat o un botifarró o un tros de sobrassada, p
qualque pich una bona Ílenca de porcella rostida,
ensú p enllú qualque tassonet de ví, d'aquell qui fa
fer cansons a la vela, per poch que hi bovetjen.

Y tornaren passar setmanes Ç altres setmanes,
y mesos p altres mesos, sempre a les fosques,
sempre sentint aquells.alens.
",NA
104,"ES FIY DES PESCADOR 105
En Juanet ja'n comensava a tenir mal de ven-
tre de bon de veres.
I — gPerò qui diantre pot esser qu'alena tan se- he
guit p tan fi2 (depa ell). (Si la tenia tan avall com
jo sa sòn, no dormiria tan arreul
Un dia, estirantse's jaquet, notúó que duya una
butxaca plena: paupa, petoca blan p rostit, Afica I
sa mé, Y troba estopa p un trinxetó V un canonet
de canya amb un tap P llavò una llenca de pedra
p una cosa prima V llarga, que va esser una can-
dela.
—è Y qui m'ha posat axò aquí dins2 (diu ell,
paupantho). jSabs qu'axò havia d'esser un cano-
net d'esca p axò una pedra fogueral
S'ho treu tot, destapa's canonet, p fonch ple
d'esca.
—jBon re-caspitel'lol (s'esclama ell). 4 Vol dir
tenim per encendre2 jSí que'm diu bél jJa he de
veure jo que hi ha per aquí dinsl
Posa esca demunt s'estopa, pega unes quantes —
de fregades a sa pedra foguera amb s'esquena des
trinxetó, brollen espires, pren s'esca, fa llamada
s'estopa, encén sa candela, mira entorn seu, Ç.... l
veu, quatre passes lluny, una fadrineta asseguda a
una cadira de repòs, suaument tombada demunt sa Ma
respal/lera, dormint com un pex dins l'apgo
S'hi acosta per veurela de prop: era més ga-
rrida qu'el sol, anava tota endiumenjada, no devia
tenir setze ans.
",NA
105,"106 RONDAVES MALLORQUINES $
pja la s'hi mirava arreu En Juanetl Estava tot
embadalit, tot empantanat, no sabia de quin mon
era... Res havia vist map que li agradós tant, que
li donés tant de pler.

Se'n hauria aconhortat de no fer altra cosa
map, més que contemplar aquella hermosura.

Com més embabapat e-hi estava, cop en sech
comparex es gigant, lent uns crits com a trons
del cel. Parexia qu'aquella cova s'havia d'abisar.

—jAh, gran polissól depa ell: jno la m'has feta
que no la m'haja pensadal... 4Y no digueres tu
que no dupes pedra foguera P esca2... çAXi'm pa-
gues es favor que't vatx fer de dexarte anar a ca-
teuaP... 4 Vol dir t'agrada aquesta fadrineta2... ja ——
hu crechl... No tens mal gust per esser andritxol.
iDexa ler, que te'n he de mostrar de mirar al-lotes
d'apropl I

Sa fadrineta amb tans de crits se despertà
eczhalant un ap. Mirantse la feta, tota astorada,
clavú la vista demunt En Juanet, V rompé en plors.

En Juanet era quedat de pedra, es cabeps li
saltaven des cap, no pogué obrir boca. No sabia
aont s'havia de posar.

Es gigant l'embarriola per una orepa, el se
posa en es coll, pren un carreranpç qu'ell sabia, Q
per amunt p per amunt, fins que sortiren dalt sa
muntanpota.

Per molt qu'escampassen la vista, d'allà dalt
no més vepen per un vent la mar Ç pe' s'altre mun-
tanpes p més muntanpes.
",NA
106,"ES FIY DES PESCADOR 107
Es gigant e-hi pren per demunt, p feya unes
passes tan grosses, que no posava es peus dins es
comellars ni fondals ni en es costers, sino que com
llevava un peu d'una cucupa, posava s'altre de-
munt un'altra cucupa... l
Figurauvos si'n devia fer de camí.
Com e-hi hagué una partida d'hores que cami-
nava, arriba a un pinar, tria es pi més alt, e-hi de-
xa En Juanet demunt, p s'en torna. Aquell pi, d'alt
qu'era, el vepen de set hores llunp, Ç tenia una i
rama com un rollo d'era.
En Juanet allà dalt, per bé qu'allargús sa mé,
no trobava plats d'arròs, ni botitarrons, ni trossos
de sobrassada, ni talabants de porcella rostida, ni
tassons de ví, Y aviat va veure que no li convenia
gota aquella rama. i
Es pi tenia una soca llisa com un fus, P, per
devallarhi aferrat, s'havia de fer benes Sa roba p
sa pell des brassos, panxa, cuxes p cames. Y 4que
fa ellP Se posa a rompre brancons p brancons de pí,
comensa a cordarlos tan bé com sabia, V. venguen H
- brasses p més brasses de corda. Com en tengué
que va creure que li bastava, fermú a una branca,
s'amolla per aqiiella corda, P per avall fins abax.
—Ara lo que'm convé (diu ell) es cercar per -
omplirme's gavatx, que tench ansi de durio tan
ruat, que ja no's vulga desruar.
Tresca qui tresca, no trobava més que munta-
nya p garriga p muntanya p garriga, sense cap l
",NA
107,"108 RONDAYES MALLORQUINES
abre ni planta amb jens de frupta que fos bona de
menjar.

Sént rall dins un remolí d'upastres, s'hi acos-
ta, y me troba un lleó, un ca llebrer, un falcó p
una formiga, que tenien un'euvepa morta, P se ga-
tinpaven a les totes, p ja's depen es nom des
porch.

Per por de no esserhi demés, e-hu donà a ses
cames, però aquells l'havien reparat, p se posaren
a eridarlo:

— jGermàl pgermàl

—jAra estich perdutl (diu ell) m'han afinat, 9
encara seré jo que pagaré la festa.

— Se'n hi va, més retgirat qu'un poll, p ells tot
d'una li diuen:

—Germú, vos hem cridat per que, pagant p
agraint, mos fasseu un favor.

o —Digau quin (s'esclama ell, cobrant coratge).
—ldò veps (diuen ells): tenim aquesta euvepa, P
la mos hem de partir, p fa una bona estona que mos
hi pegam, Y per cap vent del mon mos porem ave-
nir, perque es tros qu'un vol, s'altre també'l vol. Y
vos hem cridat per que vos amb tota concienci
lasseu ses parts, p digueu quina ha de tenir cada
qual, p lo que vos fareu, desd'ara tots e-hu donam-
per ben fet.

En Juanet e-hi pensà un poch: se mirava s'eu-
vepa, los se mirava a ells, Y a la fi diu:

—Vetaquí com trob que la vos heu de partir:
",NA
108,"ES FIY DES PESCADOR 109
es lleó que prenga ses popes, qu'es lo més sabo-
rós, ell qu'es el rep de tots ets animals, es ca lle-
brer que prenga'ts ossos, ell que. n'es tan afectat,
es falcó que prenga sa mòca, p la porà roegar bé,
ell que no té dents, sa formiga que prenga's cap,
p, en haverlo desnossat, s'hi porà mudar, p tendrà F
una casa de primera.
—I3Sí que la mos heu partida bél (esclamen
tots quatre). iVaja per fetl ivaja per fetl Vos me-
tex fepsmos es quatre bocins.
En Juanet agala s'euvepa, amb so trinxet, axí
com pogué, li tapa's cap, li treu sa mòca, des:se-
para Sa popa d'ets ossos, p aquells varen prendre
cadascú lo seu, es més satisfets del mon.
A les hores es lleó s'arrabassa una serra de sa dl
pitera, p li diu: As
— Jau aquesta serra. En dir: eval Deu p lleóo, pi
tornareu un lleó. /
Es ca llebrer se tapa una ungla d'un peu, Ç li i
diu:
— Jau aquesta ungla. En dir: cval Deu p ca lle-
brero, tornareu un ca llebrer.
Es falcó s'arrabassa sa ploma més llarga de
ses ales, p li diu:
— Jau aquesta ploma. En dir: eval Deu p fal-
CÓ2, tornareu un falcó.
Sa formiga s'escapsa una banpeta, Y li diu: :
— Jau aquest capet de banya. En dir: cval Deu
p formiga2, tornareu una formiga.
",NA
109,"110 RONDAYES MALLORQUINES

—Escoltau (diu En Juanet) çp en tornar lo que
Voltros sou, que hu he d'esser per a sempre2.—

—Es temps que voldreu vos (contestaren tots
quatre). En no voler serho pus, no heu de fer més
que dir: eval Deu p homo2, P tornareu homo, com
Si res fos estat.

—3IBé me va, idòl (s'esclamé'n Juanet). Deu
vos ho pach, P si m'heu de menester pus, digauho,

—No, germanet, poreu fer sa vostra vía.

—lIdò ja reveure p amb Deu siaul

— Lo metex vos depm noltros (respongueren
tots quatre).

Y ells dassa dassa's tros d'euvepa que'ls havia
tocat, pç En Juanet de d'allà, més content qu'un
Pasco, com se vepa amb aquells quatre dons tan
bufarells.

—jCom es vel-la revenjolil que si no'n fas mol-
ta de carrera (depa ell), me puch tapar es nasl...
iSabs si ara el trobava a n-es gigant, quin copeo
li faria ballarl... Però'm convé més, ara per ara,
posar unes quantes miques dins es gavatx.

Camina caminaràs, mentres depa axò, s'alsa

l de devora's seus peus una llebre, ell diu tot d'una:

—jVal Deu p ca llebrerl

A l'actetorna un ca llebrer,p /nvip nyepl derre-
ra ella. Al punt la té, l'escorxa, fa foch, la torra,
p per endins, p ben bona que va esser.

ja no patí fam pus, perque, en veure cassa,
tornava falcó o ca llebrer, l'aglapia, Ç aviat havia
fet es val Deu.
",NA
110,"ES FIY DES PESCADOR I11
éTrobava cap animal ferósP2 sçcap companpia
de lladresP Si no estava per una berba, depa, cqval
Deu p formiga2l, p tornava una formiga, p no'l
vepen lluir pus. Ara si duya sa mosca, e-hi volía
un arrap. Depa: ejval Deu p lleóls p tornava lleó.
Y ipobre animal ferósl jpobre companpia de lla-
dresl Los pegava llongo, los embotonava, 9 aviat I
eren tots benes.
Camina caminarús, passava terres P terres,
sempre en popa, sense que nigú el fés voltar ni
tòrcer es grux d'un'ungia.
Un dia, destria un castell, dalt un turó molt so-
berch, s'hi acosta per veure'l d'aprop, ç fonch l
un castell que fepa teredat, redonench, amb unes i
murades disforjes, amb una mala fi de torres vol-
tant voltant, ben rabassudes p ben altes, totes
guatnides de barbacanes, matacans p setjeties.
En Juanet les se mirava d'en una en una, mitx
astorat. Com se mirava sa derrera, guapta a una
finestra una fadrineta com un sol. i
En Juanet casi va caure d'esquena, tant de nou
li vengué aquella hermosura.
Ja hu crech que li clavú la vista, que parexia
que l'havia de travessar.
—IO Deul (digué): ip axò es aquella metexa
fadrineta de sa còval... iVaja si hu esl.s. qjustifetl
pustifetl... jAXÒ sí qu'es bo pÇ no embafal... No
res, ja la vup veure més d'aprop...
—ijVal Deu p faleól (va dir), p a l'acte torna
un falcó.
",NA
111,"112 RONDAYES MALLORQUINES

Y volada d'un vent p volada de s'altre, per
devant aquella finestra, y si es falcó se mirava
arreu sa fadrineta, sa fadrineta se mirava més
arreu es falcó, perque no se'n poria avenir que
aquell jove qu'havia vist bax de sa torre, cop en
sech hagués descomparegut, p cop en sech se fos
presentat aquell falcó, que com que l'hagués pre-
sa a ella per colom, tantes fues pegava devers sa
finestra, no decantant map la vista de sa seua cara.

- Ella tenia un gigantot devora que la guardava,
V li diu:

—jJjesús, quin falcó, gigantl sque no'l vepsP
éque no'l veps2... Mirau, mirau..l Però gque deu
tenir aquí dins, aquest animalP çque deu cercar 2...
ijO que m'agradarial jque m'agradaria que'l m'
agatússeul... jProvauho, provauho per un gustl...
éQue no hu veps que amb sa mú p tot li arribgríeu
com passa2... jAgafaulo'm per amor de Deul

— é Que no veus (depa's gigant) que Si'Í t'agaf,
te fogirà, P llavò ploraràsè

—jVos dich que no plorarél jiDech esser cap
nina jol (deya ella).

Es gigant, per no sentirla pus, com veu que's
falcó torna passar, li pega grapada, l'agafa. Ella
ja tengué una gúbia, le hi tanca, p tota gojosa el
se'n du dips sa seua cambra per contemplario més
a pler.

Des cap d'una estona que'l se mirava, cop en
sech li descompareix de dins sa gúbia.
",NA
112,"TE BT EE el
I 3
ES FIV DES PESCADOR 113 Dir
Fonch qu'en Juanet digué: Hi
e —IVal Deu p formigal 4
Y tornú una formiga, p Sortí de sa gúbia. ds
Llavó diu: d
—jVal Deu p homol Dn
Y torna homo, axí com era, un fadrinet acabat, i
Com ella el se veu devant, quedà freda, sense
polsos, anava a pegar crit. i
—j No crides, per amor de Deul(diu En Juanet):
iNo tengues ansi de rest, — iNo hisom per ferte P
mall... iprimer cauré mort que no't tocarél
Ella comensà aquí a perdre sa temor P a co- i
brar coratge. Se mira be'n Juanet, V romp dient: :
—JqAh Juanet, Juanetl jeu étsP No'm pensava 47
jo veure't pus, P manco aquí dins. 4Y com éts y
entrat2
—No hu vulgues sebre, (diu ell). Lo qu'es cert
que som aquí dins. di
-—iMira (diu ella), que la'm feres bona amb so i.
encendre aquella candelal Aquell gigant me tenía he:
encantada allú dins, Y tu me redoblares s'encanta- 3
ment, p fores causa que'm dugué aquí dessó, dins
aquest fort, y m'hi tendró per a sempre. Es meu
encantament no s'acabarà map map. i
iO que li va caure d'avall allò a n-En Juanetl I
iO quina pena que li agalú tan grossal... Es seu po
coret com qu'hagués d'esclatar. R
—Però sp no hi haurà cap remep, cap remep Ú
(depa ell tot acongoxat), per jo treure't d'aquí 1
dins2 :Cap remep e-hi hauré2 çcap, cap Des.
",NA
113,"114 RONDAYES MALLORQUINES

—iQu'ha d'haverl (depa ella). 4 Que no hu
veus que no n'hi haP Ses portes totes son de ferro
p de sèt fups, p embarrades amb barres de cent
quintàs, p es gigant que sempre vel'la, p, Sis
temia de res, en faria una coca de tots dos...
èQue mos hem d'amollar capavall pe' sa finestra,
p arribarem abax tots trossos2... No hu somígs,

- fiet, de treure'ml No hi ha speritu fuò, aquí dins
m'he de podrirl

—Pero çe-hu sabs cert ben cert, (diu En Jua-
net) que per cap vent del mon es possible que tu

surtes d'aquí dins2 ç Per que no'n parles a n-es
gigant2 4per que, com qui no n'es, P sense qu'ell
se'n teme, anantli de lluny de lluny, no proves de
ferle-hi amollar Si n'hi ha o Si no n'hi ha de remep
per tu sortir d'aquí dins

A ella li agradú aquesta idea, però de lo que
tenia por, de dexarlo a ell dins sa seua cambra,
perque, si per un cas de casos, es gigant e-hi en-
trava p el vepa, en faria una de pópulo bdrbaro.

—INo hajes ansi d'axòl (diu ell). ijQue d'
aviat no'm veurús Ç no tornaré que tu no tornesl

—iVal Deu p formigal (digué), Ç torna una
formiga, p s'amaga dins un foradí de sa paret.

Figurauvos quins ups devia badar sa fadrine-
ta, com vepa aquelles coses.

Ja hu crech que se revestí de coratge, p ja es
partida a veure si faria sa garangola a n-es gi-
gant, si li faria amollar es remeg que hi pogués
haver per ella Sortir map d'allà dins.
",NA
114,"ES FIV DES PESCADOR 115 -
Li mou conversa, P d'enfora d'entora le hi va
dur a parlarne.
Com li demanú a les clares si hi havia remep
per ella sortir d'allà dins, es gigant feu una ria- 3
yassa, que la degueren sentir d'una hora llunp. : ,
—eTu sortir d'aquí dins2 (depa ell, fent capa-
des p estabetxos). jAra li fan es múnechl jja hu :
pots posar en es conte vey, jal jPrimer se be-
saré'l cel amb la terra, que tu no sortiràúsl Figu-
re't quin possible es que tu surtes, que, per. tu z)
sortir, primer m'han de haver mort a mí, P, per
matarme a mi, abans han de matar un porch sin-
glar com un bou, que té s'amagatap dins un ba-
rranch molt fondo, p que fa bocins tots es qui s'
hi acosten, p negú map l'ha pogut arronsar. Y Si
arribaven a arronsario qualque dia, de dins es seu
ventre sortiria una llebre, sa més corredora que i
se sia vista map, P Si no agalaven aquesta llebre,
no serviria de res haver mort es porch singlar.
Quant agafassen aquesta llebre, de dins ella sor-
tíria un colom just un llamp, Y, si agalaven
aquell colom, ç li obrien es ventre, li trobarien
un ou. Sols esclafantme aquell ou demunt es front
seria possible que'm matassen. De manera que no
hi ha res en el mon que'm puga matar, en no esser
aquell ou. Ara diguès tu metexa quin possible es
que negú map alín axò2 Y en cas de que hu afi-
nassen, Si qualcú may e-hu arribava a sebre, 4qui I
seria capaç d'atènper aquell ou2 £Quin possible
",NA
115,"116 RONDAYES MALLORQUINES
es que hi haja ningú que amb una metexa seguida
l puga matar es porch singlar, agafar sa llebre p es
colomP ,

Com sa fadrineta sentí allò, l'ànima li va cau-
re en es peus.

Se'n torna tota mostia dins sa seua cambra
amb una tristor que la matava, p es seu cor era
lo metex que si le hi haguessen enclòs dues mo-
les de molí, p le hi estlorassen just un gra de blat.

Com va esser entrada, tanca de part de dins,
p Se va haver d'asseure perque no s'aguantava.

—iVal Deu p homol (diu En Juanet, com la
veu), p torna homo. :

—jAh Juanetl (diu ella), no e-hi ha res que
ferl Ja t'ho depa... No m'ha enganada de res.

—Ç AÇ no hi ha res que fer2 (respòn ell). iPri-

mé hu hem de veurel Esplique't, vepaml

Ella li contà fil per randa tot lo que's gigant li
havia dit.

Com hagué acabat, En Juanet s'esclama:

—No res, e-hu veurem si hi haurà negú que
hi puga arribar a n-aquest ou. Tu no tengues ansi:
d'aquí a unes quantes setmanes, P per ventura
abans, ja'n tornarem parlar més d'aprop.

—iVal Deu p faleól (diu tot d'una, P torna un
falcó).

E-hi havia una mica de finestró ubert, e-hi
surt com un coet, p de d'allél

Vola qui vola pe's'endret d'aquelles munta-
",NA
116,"ES FIY DES PESCADOR 117
npes p comellars, mirant fit a fit Si destriaria cap
barranch molt fondo, en trobí un parep:, però no VO l
hi afinava cap porch singlar. Veu unes cases de // A
possessió, p diu: dan
— Allà per ventura me sabràn donar elarie (is
cis... )Val Deu p homol / Ei
Encara no hu va haver acabat de dir, com ja i
hu va esser. I
Se'n va a n-aquelles cases, troba l'amo demunt I I
es portal p ja l'ha escomès. Ri
—jAlabat sia Deul l j
—Per a sempre sia alabat. era
—Bon dia p bon any que Deu mos do. V l
—Bo ser, si Deu ho vol. j
—L'amo, si no vos dich per que vench, no hu
sabret. ,
—Sií qu'endevines.
—lIdò venia a veure si hauríeu mester cap l
gordió. l
—jBon caspi, que seràs capgut de bél st'agra-
den es porchs2 l
—Tot m'agrada a mi, fora garrotades. l
—ldò, si vols esser porquer, mos porem pegar
de barrina.
—M'agradaria més anar a prova, set o vupt
dies, p llavò, si jo vos agrat p vos m'agradau, ja i
parlarem de barrina. Y si la fepm, bé, P, si no la
fepm, tan amichs com abans.
—Homo, tu parles com un llibre (diu l'amo).
T. M.—S.
",NA
117,"118 RONDAYES MALLORQUINES —
No res, pren es porchs, y ja los pots anar a treu-
re de dins sa pleta, qu'encara no havia llegut treu-
relos. Jo't mostraré sa pleta, p llavò ses par-
tions des lloch, p per allà on los pots menar, Y
per allú on no los pots menar.

En Juanet pren pa a taleca p unes corretjades,
se'n va amb l'amo a sa pleta, treuen es porchs, los
dexen dins un mitjà, p l'amo li mostra ses par-
tions. Caminant caminant, s'acosten a dues mun-
tanpes, que parexia que per temps era estada una
tota sola, y l'havien xapada p'es mitx, de dalt a
bax: fepa un frèu esglapador, un barranch que
semblava qu'havia d'arribar fins infern, de fondo
qu'era.

—Mira (diu l'amo a n-En Juanet), aquestes
dues muntanyes son dins es lloch p es barranch
també, però no hi pots anar amb sos porchs ni
sense's porchs. Aposta e-hi hem feta aquesta gran
paret, per que no hi pas negú.

— Y era ver que n'hi havia una de paret, que de-
via tenir Vint pams d'alt.

—eY qu'es matzinat es menjar d'aquest bar-
ranch, que no voleu que's porchs e-hi vapen2
Que, hi ha llop volant2

—jUna cosa cent voltes pitjori (respòn l'amo).
E-hi surt un porch singlar com un bou, que no i
dexa res per vert: Si son porchs, perque son
porchs, si son auvepes, perque son auveyes, P, Si
pot aplegar cap homo, no'l morretja jens: aviat
",NA
118,"a amena a rq TE UT i rata:
ES FIV DES PESCADOR 119 I
j
l'ha fet benes. Aquest dimoni m'ha cupdat a des-
truir: Equi sap ses auvepes p es porchs que m'ha
llevats des vent, P es porquers p pastors que m'ha 4
mortsP Com per dins es barranch tot es auzinar, p
e-hi ha xorrèstich pe' sa mare P pe' Sa fia, P es l
bestiar e-hi tenia sa tirada, sense temers'en, se fe-
pen massa endins, s'entregava aquell'dimoni, cop l I
en sech, no donava temps de fogir, p me feya una I
destrossa horrorosa. A la fi, tiràúrem aquesta pa- I
ret, p es mal va esser mort .. No res, jque't valga l I
per avísl. . jenfora sempre d'aquest barrancht... 4:
. JCom més enfora, millori 1
—iBél jbél ino tengueu ansi, l'amot (depa En 4
Juanet), p cupdava esclatar de gotx, com sentia
aquelles comandacions, però se guardú prou de i
fer res conexedor.
Encara no va haver perdut de vista l'amo, com, 4:
ja se'n va Corrents a n-es porchs, los aplega, p I
Cap a n-es barranch s'ha ditl Troba un portell amb i
unes barreres tancades p fermades amb una cade- Mi
na de ferro, les obri, es porchs s'hi aboquen. Ses I I
auzines se tocaven, p totes tenien una solada de I
aglans, que no vepen sa terra. Figurauvos aquells :
porehs que degueren fer: s'abordaren a n-ets TúlEl
aglans com a rabiosos, Ç no se donaven raó a ses I
barres: no los llevia roegarlos. Al punt estigueren /
com unes xeremies. /
Y En Juanet, sona qui Sona's fabiol, esperant /
es porch singlar que comparegués. l
ble
",NA
119,"i a ES ES ES a ET Al Le US Ta
120 RONDAYES MALLORQUINES

Assetsuaxí sent trepitx p brúfols p croxits de
claus, p me veu es porch singlar, que se'n venia
carrera uberta Cap a n'es porchs, p com que ja'ls-e
se menjús amb sa vista. ç

En Juanet li Surt al encuantre, p li diu:

—jEp, estimat de ses colflorisl €p ara aont
tiram2

—A tastar aquets, —respòn s'animalot sig-
nant es porchs, que ja l'havien vist, Ç e-hu dona-
ven a ses cames.

—jAp, a tastar aquetsi (diu en Juanet). jSabs
que't serús atropellat en so rallari :

—3Ni jensi

—ildò jo't dich que no'n tocaràs capi

—Tots es que voldré Y tu es primer, — diu es
porch singlar, p li pega fua.

Però En Juanet ja havia dit: iVal Deu Ç lleól
-—Pp antes que li arribés, ja va esser un lleó, p ja
estàn embolicats tots dos, p es lleó clavades p te-
napades a n-es porch singlar, pes porch singlar
clavades p tenapades a n-es lleó, p esclafits d'un
vent p esclatits d'un altre vent, Y si un espolsava
fort, s'altre hi espolsava més, p venga sabonera
p sanchl

Des cap d'una bona estona de ferho de tot,
cansats p morts, no pogueren pus p se desterra-
ren.

Es porch singlar, blau com la paumella, de ra-
bia, digué:
",NA
120,"ES FIY DES PESCADOR 121 i
—Si jo tengués aygo y fanch, I
de tu beuria la sanch.
Y es lleó respòn: y
Ú —Y si jo tengués un pa de l'hora, dl,
un'uyada de donzella y ví,
de tu veuria la fí. À 4
Just en es metex temps que dins es barranch :
succeia axò, sa fadrineta des castell va reparar
que's gigant tenia sa color tota rompuda, qu'esta-
va tramudat
-— i Que teniu2 (li digué): sque no estau llatí2
—No gapre: no sé que m'ha agafat. Tench
calfrets, p me'n hauré d'anar a jeure.
Se'n hi anú. Era una terciana que li entrava, p
fins lo'ndemú dematí no l'hagué escorxada de tot. i:
Es porch singlar, com prou hagué brufat V al-
sada pols, dexà anar d'envestir de bell nou es lleó,
y S'en hagué de tornar per allà ont era vengut,
sense tastar cap porch, p En Juanet li va estrènyer
amb sa guarda, ben redona, cap a ses cases.
—jAlotl (diu l'amo, com la veu), sp qu'has
fet amb aquets porchs2... 4 Que'ls has intlats2,,, l
Jo no los havia vists tan redons mapl
—jEll, segons vetx, devíeu tenir uns porquers
de panfontetal (respòn En Juanet).
— Però, 4sper on ets has menatsP I
—Per allà on he vist que hi havia més menjar.
",NA
121,"122 RONDAYES MALLORQUINES

—3Es segur que n'hi'via d'haver per forsal...
Però çaón es qu'ets has menats2... çSupòs que no
es dins es barranch fondo

— iQuiha d'esser, l'amol (diu s'estornell).
iNo hu cal pensarl... jses derreresl

L'amo no se'n poria avenir, ni sa madona, ni
sa seua fia, una pobila d'una quinzena d'anps.

Tots depen:

— Per forsa ets ha d'haver menats dins es ba-
rranch. En lloch ets-e poria enredonir d'aquesta
manera, en no esser allà dins.

No s'ho porien treure des cap, Ç Sa pobila
arribà a dir:

—No res, si hu voleu, mun pare, jo demà el
vel/laré.

AXÍí quedaren, p com En Juanet lo'ndemà se'n
anà amb sos porchs Ç amb sa comanda de no
acostarse a n-es barranch, sa pobila li pitja derre-
ra, seguintlo de lluny, de lluny.

Ja hu crech que l'homo li envelà cap dret a
n-es barranch, p no tengué aturap fins que va veu-
re's porehs abordats a ses solades d'aglans, engo-
lintlos-se a forfollons, posantse'n un ventre esclat
no esclat, V ell sona qui sona's fabiol, es més des-
cansat del mon. I

Sa fia de l'amo s'entilà pe'sa paret, fins que
ets ups li contrapassaren, P pogué guaptar la feta,

No hauria tengut temps de dir sèt pare-nos-
tros, com sentí un trapitx sech Y vitench, Ç uns
",NA
122,"ES FIY DES PESCADOR 123 l
brúfols ferests, Y uns croxits de dents que lí feren
arrissar es cabeps, P me veu es porch singlar que
s'entrega, més envidat p enfurit que map. :
En Juanet l'atina, y ja li surt al encuantre, Q i
Pescomet:
—IEp, estimat de ses colflorisi :que ja hi tor-
nam esser a bous2... 4 No t'ho vatx dir ben clar 4
eir, que no volia que me'n tocasses cap de porch, i
p que no me'n tocariesP l
—Jo no veneh p'es porchs (diu s'animalot): l
jo vench per tu. 1
Y encara no hu va haver dit, com li pega bot: l
però en es metex temps En Juanet diu:—jVal Deu l
y lleól— p ja fonch un lleó, p el va rebre amb ses /
barres p ses ungles. Ja tornaren estar embotonats, es
p es porch singlar clavades p tenapades a n-es :
lleó, p es lleó clavades p tenapades a n-es porch el
singlar, p esclafits d'un vent p esclafits d'un altre /
vent, Ç si un espolsava fort, s'altre hi espolsava /
més. Cap des dos se'n arribava a dur sa ventatge,
p venga sanch P sabonera, p Sanch p saboneral i
Ala li, cansats p morts, se desterren, p es N
porch singlar, fent sa fel, digué: l
—Si jo tengués aygo y fanch, l
de tu beuria la sanch.
Es lleó respòn:
—Y si jo tengués un pa de l'hora.
un'uyada de donzella y vi,
— de tu veuria la fi.
",NA
123,"124 RONDAYES MALLORQUINES

Sa fia de l'amo, tota esglapada, pega bot de sa
paret, V cap a ses cases a contarho a son pare.

Jusi es metex temps que axò succeia dins es
barranch, sa fadrineta des castell reparà de bell
nou que's gigant tornava tenir cosa. Havia per-
dudes ses colors, p estava tot tramudat.

—ç Però qu'es que teniu2 (li demana). iSi vos
morísseu, no mudaríeu de colorl Que vos torna
entrar una terciana2

—jY ben entradal (diu es gigant), p d'aquelles
de pel arrevexinatl... jap quin fretl jaç quin tretl

AXí com pogué, se'n anú dins es llit. Al punt
desvarietjà a la vela, p fins lo'ndemà dematí no
s'aclarí jens, p se va axicar a la mala hora, tot
esborradot.

Ara anem a sa possessió. Sa pobila e-hi arri-
bé amb sos cabevs alts, p conté fil per randa tot
lo qui'havia vist: que'n Juanet se'n era anat amb
sos porehs dins es barranch, qu'era vengut es
porch singlar, ell era tornat un lleó, p s'eren em-
botonats, Y no s'havien pogut fer res. Figurauvos

quins ups devien badar l'amo p sa madona.

—Mirau, mun pare (digué sa pobila): demú
es segur que'n juanet farà sa metexa endemesa.
Ydò anit posam llevat, demà ben dematí pastam p
enfornam. Com es pa serú treguedor, jo'n prench
",NA
124,"ES FIY DES PESCADOR 125 dall
un P una carabassa de vi: vos haureu entretengut l
En Juanet fins llavò, p l'enviareu a treure's porchs, /
jo li pitx derrera, Se'n anirà a n-es barranch, jo I
m'amach derrera Sa paret, vendré's porch singlar, Ú
s'aterraràn, p quant ell diga: sí fenguès un pa fet 1
de Phora, un"" uvada de ,donzella v ví, de tu veu- i
ría la /í, jo hi acudiré al acte amb so pa Q es Vi l
y a mirarlo'm, p estich segura, ben segura, que a /
n-es porch singlar el se menja frit.
—e Y tu't dones amb cor d'anarhi2 (diu son 4
pare). l
—iVaja si m'hi donl... jp de pressal (diu ella).
—lIdò axí quedam (diu son pare). 4,
Entradeta de fosca, s'entrega En Juanet amb .
sa guarda ben redona, li feren moltes d'esclama-
cions, p li varen dir: l
—ç No deus esser anat a n-es barranch2 l
— jiQue'he d'esser anatl (respòn ell). Í
Lo'ndemà, abans que trencús auba, ja hague- I
ren pastat, a sortida de Sol enfornaren, l'amo en- i
tretengué'n Juanet pe'ses cases, fins que's pa I
fonch cupt. Llavó l'envia a treure's porchs, sa
pobila pren un pa de dins es forn Y una carabassa l
de vi, p ja li ha envelat derrera'n Juanet, que no
s'atura fins que tengué es porehs dins es barranch, I
Y altra volta abordats a ses solades d'aglans, cup-
dant a fer up de tan aviat que se'n atepien, p ell
sona qui sona's fabiol, es més descansat del mon. /
Sa fia de l'amo, entilada pe' sa paret, guaptava
",NA
125,"126 RONDAYES MALLORQUINES l
la feja. Al punt ja Sent trepitx p brúfols, p cro-
Xits de dents, P me veu es porch singlar que s'en
vé carrera uberta.

En Juanet ja li Surt al encuantre p l'escomet:

—jlUep, estimat de ses colflorisi gque ja't tor-
nam tenir per aquíP £Que no'n sortirem2

—j Fins qu'un des dos e-hi quetl (respòn s'ani-
malot, Ç li pega llongo).

En Juanet ja hagué dit—ival Deu y lleól—Ja
era un lleó, p el reb amb ses ungles p amb ses ba-
rres, p ja estigueren embotonats, p clavades p tena-
vades d'un vent, p clavades p tenapades d'un altre
vent, p Si un espolsava fort, s'altre hi espolsava
més, p venga sabonera pY sanch, P sabonera PQ
sanchl

A la fi, cansats p morts, se desterren, p es
porch singlar, blau de ràbia, diu:

—Si jo tengués aygo y fanch,
de tu beuria la sanch.

Y es lleó respòn:

—Y si jo tengués un pa de l'hora,
un'uyada de donzella y vi,
de tu veuria la fi.

Aquí sa fia de l'amo pega bot de sa paret, P
se'n va correns a n-es lleó, mirantio-se fit a fit,
allargant-lí es pa p Sa carabassa de vi.

Es lleó, mirantse sa fia de l'amo, se menja's pa
p se beu es vi, P s'aborda de bell nou tot rabent a
",NA
126,"Elisa l dd i
ES FIY DES PESCADOR 127 /

n-es porch singlar. Ja tornen estar embolicats: p h
clavades, p tenapades, p esclafits, Y Sanch p sa- I
boneral Y es porch singlar que ja comensa a aflu- l
. Xar p a desmapar, p es lleó que, cada volta, més. ii
li reprèn p més fort li pega, fins que a la fi el se- I I
falca de tot, el se tira devall, el subjecta amb ses /
arpes, li aborda ses barres, p aviat el tengué tot l
bocins. l
Encara no li obri's ventre, com surt una lle- I
brota com un anpell, Y ja es partida com un llamp, l
de d'allé.
—jVal Deu p ca llebrerl—diu es lleó, V torna

un ca llebrer com un vedell, p ja ha pitjat derrera I
sa llebre, tant com en poria treure, Ç nivp-nyep- I
niyp-nvep, Y hala per envant, P tant un com s'al- i
tre que rebotien, QV parexia que volaven. i I
Se vepa que's ca llebrer era superior a Sa lle- I
bre, però sa llebre hu fepa de tot de tot. hi
A lafies ca li pega fitorada, 9 sa llebre botex i

a l'apre fent quatre o cinch voltes: ja va caure dins I
ses barres des ca, que tot d'una anú a obrirli's
ventre. i
Encara no la hi va haver ubert, com surt d' /
allà dins, un colom, brunent just la bala, p per l
amunt Y per amunt, vola qui vola. :
—jVal Deu p falcól—diu es ca llebrer tot d'
una, P ja fonch un falcó, p derrera's colom s'ha l
dit, y es colom de d'allí, p es falcó cap a ell, p l
fua p altra fual A la fi l'enteterra p ja no li esca- ,
I

I
",NA
127,"128 RONDAYES MALLORQUINES
pú: li obri's ventre, p li troba s'ou, aquell ou dit-
XóS, aquell ou tan sospirat.

Mentres axò succeia, sa fadrineta des castell
notú que's gigant, que ja estava tot escotillat des
dos dies abans, torcé's coll, y va caure estès, tant —
llareh com era. Ses barres li prengueren es trot, —
V Se posa a cridar:

-—jEsta fet de míl... jja no'n faré d'altral...
jaquesta me'n durúl... jno me'n escapl... jAp,
dichl jap, dichl

—iNo tengueu porl (depa sa fadrineta), qja
vos espassaról

—IY aviat que m'espassaró (cridava ell), però
dins sa fossal... jAy dichl jap, dichl

A forsa de forses, ajudantli ella, se mitj-axi-
cú, p aferrat pe'ses parets, p rossegant rossegant,
pogué arribar a n-es llit, p s'hi estengué més mort
que viu.

Sa fadrineta des castell no sabia que li passa-
va, ni que pogués esser allò, ni qu'havia de ferse.

Cop en sech, veu es falcó que s'en vé tot afuat,
se pianta demunt sa finestra, y diu: —yVal Deu
homol—Y torna un homo, torna En Juanet, tot xa-
ravelio, mostrantli un ou amb,sa mé, cridant: i

—i Que talP ique'l veus a n-aquest2 çQue'l
duch o no'Í duch2.. He trobat es porch singlar,

p l'he mort. De dins ell es Sortida una llebre p l'he
",NA
128,"i:

i

ES FIV DES PESCADOR 129

agalada. De dins sa llebre es sortit un colom, p he i
assolit es colom, p vataquí s'ou que hi ha hagut È
dins es colom... 4Y es gigant2 çaont es ell2 El.
caont esP t
—S'ha hagut de tirar demunt es llit: es més de
mitx mort (diu ella). i
—lIdó, anem a matarlo de tot (diu En Juanet). :
Ella li mostra sa cambra, ell e-hi entra, veu es
gigantot estès, tremolant com una fuga de poll, i
desvarietjant...Li apunta bé en es front, li tira S'ou, I
s'ou l'encivella entre cepa p cepa, s'esclafa, pel
dexa sech: no tirà cap cossa.
A l'acte ses barres de cent quintús que hi havia Mil

a ses portes, capgueren trossos, ses portes de ferro i
de sèt fups s'obriren de pint-en-ample, p Sa fadri--—— i
neta, més xalesta qu'un pasco, clama: I
—jAra s'es acabat es meu encantament, gra- i
cies a Beul jEn nom de Deu com s'es acabatl... j
Juanet, jo som sa fia del rep de totes aquestes ter- I
res: aquest gigantot me prengué p me tenia en-
Cantada per que no arribés a esser repna. Anem a
ca-mon pare, a l'acte, que no sé si ja deu esser I
mort. Mos casarem, p mos donaràn sa corona. I
Se'n hi van. El rep encara fonch viu, p cupdú È
tornar loco de s'alegria de veure aquella tieta seua, L
que ja la tenia per morta p remorta. Ella se casú dl
amb En Juanet, P los donaren sa corona. En Jua-
net vengué a Mallorca a menars'en son pare p sa l
mare, se'n anú a n-aquella possessió des barranch /
l

I

I

I
",NA
129,"130 RONDAYES MALLORQUINES
a cercar Sa lia de l'amo, p la casúó amb so sengor
més noble de la cort, p visqueren, tots plegats,
una mala fí d'anps, contents p alegres, y encara
son vius, si no son morts. Y... qui no hu creu, que
hu vaja a cercar.
",NA
130,"j

/

/

EES MA MR A i RA ,
i

i

LA FLOR ROMANIAL Ò

XÒ era un rey que tenia tres fips. el

a Encara eren petits p jugaven per dins
es jardí.

Els havien agafada un'úguila grossa de tot, p I
los ho havien fermada per una cama amb una cor-
da a sa soca d'un taronger, per que hi jugassen. I
Es dos majors la ponpien amb canyes P ga- I
rrots, p de vegades eren a temps a durse'n qual-
que espipellada bona p qualque arpada que trepa
sanch. Ara es derrer, En Bernadet, era ben al re- I
vés: l'afalagava, sempre li anava amb moxonies, I
li dupa coses bones P no poria sufrir es seus ger-
mans, com vepa que l'atabuxaven tant. al
Hill LES I
(1) La'm contaren mos bons amichs, En Juan y En Pere 1
Orlandis y Despuig y N'Antonieta Socies y Morell.
I

I

I /

I
",NA
131,"132 RONDAYES MALLORQUINES

—JjAXÒ no va pusl—digué un dia, p es ves-
pre, com veu que tothom ja dormia, se'n va dins
es jardí, p diu a s'àguila:

—Vench a desfermarte, p axí's meus germans
no't faràn passar pus martiri.

La desterma, y s'àguila, tota agraida, li diu:

—ji Que Deu t'ho pach, lo quihas fet per mil
però jo també t'ho vup pagar. Mira, arrabasse'm
sa ploma més llarga de s'ala endreta: des canó
fé'n un siulet, p no'l perdes. Si map te veus es-
tret p apurat, Sone'l, p jo vendré a donarte adju-
tori.

En Bernadet e-hu va fer axí, p s'àguila pega
tres bots per prendre sa fua, exampla ses ales, P
per amunt s'ha dit, no la véren pus.

Lo'ndemó ets altres dos fips del rep ploraren
tot lo dia, fepen potadetes P se tiraven en terra,
perque s'àguila 'Ís era fupta p no sabien com.

Dins poch temps se mou una guerra, el rep
se'n hi hagué d'anar, p e-hu va haver de fer de
tot, però de tot, per guanyarla.

Com era tan acorat, que no tenia por de res,
p sempre volia anar devant, tornà amb una parti-
da de ferides.

Es metges feren tot quant varen sebre per cu-
rarleshi.

Anava bé de totes, fora d'una ben grossa
que'n tenia a una cama, que, com més coses li
posaven, més s'enmaleia.
",NA
132,"LA FLOR ROMANIAL 133 /
Es metjes arribaren a dir:
—Si no li posen la flor romanial, no s'adoba- AA I
rà may. v
—gY ahon se fa aquesta flor2: (demana'l rep). l 1
— AXÒ es lo que noltros no sabem, (digueren ——
ells). No més sabem qu'es una flor que tot e-hu I I l
cura, Si ses nostres lletres no menten. pb l
El rep crida's seus figs, p los diu: ij
—Fips meus, ja hu veps: es metjes diuen que si i I
no'm posen en aquesta ferida la flor romanial, j
no e-hi ha cura per mi. Aquesta flor pareix que / j
ningú la sab: a voltros vos toca anarla a cercar I
fins que l'hàjau trobada. Es qui la'm duga, aquell j
tendrà sa corona, en morirme jo.
Es tres germans prenen un bossot de dobles i
de vint, Ç un cavall, Y ja son partits.
Troben un entreforch de tres camins, p diuen:
—Prenguem-ne un per hom, p dins un anp P
un dia aquí mos hem d'esperar.
AXí quedaren: p cadascú per son vent, cami-
na caminarús, p de d'allà, cerca qui cerca la flor
romanial, p demanant-ne noves a tothom que ve-
pen, però ningú los ne sabia donar.
Y trescaven terres p més terres, Y passaven
setmanes p mesos, P tant tenien avup com demó:
en lloch trobaven ni indicis d'aquella bona de
flor.
Ja corria es mes qui fepa dotze, p en Bernadet a I
la fi se recordà de lo que li havia comanat s'úguila:
7. ih—9.
",NA
133,"134 RONDAYES MALLORQUINES
que en veure-se apurat, sonús es Siulet qu'havía
fet des canó de sa ploma de s'ala endreta.

Ell sona, y al acte li compareix s'àguila.

—i Que vols de mi, Bernadet2

—jQu'he de volerl Que mon pare té una feri-
da a una cama, que no s'adobarà mentres no li
posen la flor romanial, Y mos ha enviats a cercar-
la, a mi p a n'ets altres dos germans, p es qui la
hi duga, aquell ha de tenir sa corona. Fa onze
mesos que la cerch per tot, p no l'he poguda tro-
bar en lloch: a veure tu Si la sabs p si me dius
ahont es.

Eren a sa vorera de mar, endins, a s'entre-—
llum, vepen un grandiós penyal, de s'alsada de
quatre o cinch campanars, en forma de béch, tot
esvorellat, boprós, blavench. Parexia s'abre mes-
tre d'una nau disforja afonada.

— 4 Veus aquell penpal2 (diu s'àguila).

—Sí, (diu En Bernadet).

—lIdò allà dalt se congria una casta de roma-
ní, no s'en congria en lloch pus, p aquest romaní
fa la flor romanial qne tu cerques.

En Bernadet va perdre's coratje de tot, p di- j

Qué:

—4 Però quin possible es arribarhíP Aqui no
e-hi ha cap barca, p maldement n'hi hagués, 4qui ,
es capús d'enfilarse per aquell penyal Ç arribar al
cap d'amunt2

—iCa, homo, no t'apurest jQue d'aviat e-hi
",NA
134,"1
LA FLOR ROMANIAL 133 I
seremil Tu axinque't demunt mí p aferre't fort,
que si quepes, no't veurien pus, Y no hajes por. i
En Bernadet S'hi axanca, p s'aterra ben fort. i
—dEstús2 (diu ella). Í
—Estich (respòn ell). l
S'úàguila pega briuada, y per amunt s'ha dit, p E
per amunt, p de d'allà, cap a n'es penpal. l
iQue me'n direu2 Ell no s'aturà fins que hi va l
esser damunt. l
Allí dalt no més e-hi havia lloch per ella Ç pe'n
Bernadet, que la tenia ben estreta, tremolant com
una fupa de poll, p no la volia amollar, de por
que's cap no li rodús o no li llenegús un peu, per-
que hauria redolat cap avall, rebotint de ressingle
en ressingle, fins a pegar tot bocins un capticó en
, tota l'orde dins la mar, que bramulava allú avall —.
tota alsurada. Ses ones duyen tanta malicia, que
amb cada sobatuda tot es penpal vimetjava.
—jMaria Santissimetal jBon Jesuset meul (de- È
ya en Bernat, plorant). iA bona part m'has duptl
ja no'n faré altral. . jestà tet de mil
—jCa, homol (depa s'úguila, donantli coratje):
ino tengues por de resl jno t'acoquines, que no
e-hi ha tant per tantl
Just devora's seus pèus s'obria una encletxa,
Y tirava ben endins.
—Mira dins aquesta encletxa (diu s'úguila),
veam que hi afinarús en es fons.
En Bernadet e-hi mira, p des cap d'un poch
diu:
",NA
135,"136 RONDAYES MALLORQUINES

—jO, quina cosa més guapal jquina cosa més
de veure que hi destripl ijUna florl... jsa flor més
hermosa dir haja vista mapl.. jO, quina oloreta
tan bona que dexa anarl... jde tan endins m'en-

vestl

—lIdò vataquí la flor romanial (diu s'àguila).
A veure si t'afiques dins aquesta encletxa, Ç Si li
arribes.

En Bernadet s'hi afica amb So cap devant,
fent navegar ses mans de bona manera. Ja no'l ve-
pen de tant que s'era enfonpat, però s'encletxa,
com més anava, més s'estrenpia, Y arribà un punt
que s'atlot no pogué passar pus envant. No més li
faltava un paumet per bastar la flor romanial.

Bé s'estirà, p enforinyú, sa bona de flor era un

-— — paumet més avall.

—No li puch bastar, (digué a la fi): me falta
un paum.

—Idò puja, (diu s'àguila).

S'atlot pujà, p ella li allarga una cama, P li en-
loca aquesta:

—Mira, tape'm aquesta cama, devora Sa cuxa,
amb ella te tornes aficar fins allú hont t'éts aficat
ara, p amb aquesta cama arribarós a sa flor) S'ar-
pa l'agatarà persa soca. En tenirla, tu estires, p
la te fas teua.

— Jo taparte aquesta cama2P jAXÒò Sí que no hu
faré per res del monl (depa en Bernat), 4jo afo-
llarte pera sempre2.., jjamapl
",NA
136,"LA FLOR ROMANIAL 137
—Creu, Bernat, que's creure es criansa. 4 No Cs
som joque t'ho dichP Tu dexa estar s'ansia per
mi, P no tengues por de sa cama. Sa cama, en te-
nir la flor romanial, aviat tornarà estar confegida —
com ara.
Tant arribú a dir s'àguila, que'n Bernat a la fi
se treu un trinxetó que duya, agafa aquella cama,
la tapça devora sa cuxa, s'afica amb ella dins s'en- i
cletxa, y per avall s'ha dit. : :
Com torna esser allà hon no havia pogut pas- l
sar pus envant, allarga tant com pot sa mé amb
que tenia sa cama de s'úguila: ja no li faltava un
paumet per abastar la flor romanial, ja la tocava.
S'arpa tot d'una l'estreng per sa soca, en Bernat
pega tirada, p la se'n va dur per amunt.
Aviat va esser defora amb sa flor dins ses
mans.
jO,que la hi trobava de guapa P butarellal jamb
quin gust la se mirava Ç l'oloraval Com que la
s'hagués de menjar amb la vista, P no'n sabia de-
cantar es nasl iVaja quina florl Fega un ramellet
de tres floretes color de cel, sa cosa més senporí-
vola, amb tres Sostres de fuyes jtan ben tapades,
tan ben compostes, tan lluentes, tan fresquesl to-
tes brufades d'un polsim fi, ben fi, com a de gra-
na. i
—Arrabassa una d'aquestes tres floretes, (diu
s'àguila), fregale'm pe's tap, p fé-hi tocar sa cama
tapada. i
",NA
137,"138 RONDAYES MALLORQUINES
En Bernadet e-hu fa axí, p tot d'una que sa ca-
ma toca's tap, queda confegida amb sa cuxa, P
ja no fonch conexedor que l'haguessen tapada
map.
En Bernadet quedà amb sos cabeps drets.
—ç E-hu veus (diu ella) com no hi havia que
tenir ansia de sa camaP No hajes por: mentres tu
me cregues, anirús bé. Ara lo qu'has de fer, des-
separar ses dues floretes que't queden, p amaga-
les-te ben amagades, p map en mostres ni en do-
nes més qu'una, p mira, jveshi alerta a ferles ser-
virl que, en haver servit una vegada, ja perden
tota sa seua virtut.
—No més les he mester per curar sa cama de
mon pare.
— No hu sabem si les hauréús mester per altres
coses també. No res, ara ja't pots tornat axancar
demunt mi, p espedirem, que no fasses falta.
En Bernadet dessepara ses dues floretes, les
s'amaga ben amagades, s'axanca demunt s'auce-
llàs, que pegú bot, p axamplú ses alotes, jp de
allú cap a terral fins que le-hi hagué dexat.
S'àguila se'n tornà per amunt, p ell pren es
cavall, qu'estava bax d'aquells pins ahont l'havia l
fermat, p cap a s'entreforch de tres camins manca
gent. /
Hep arribà una hora antes de s'auba, quant
fepa s'anp p es dia que s'hi havien d'esperar es I
tres germans, No n'hi trobà cap. l
",NA
138,"LA FLOR ROMANIAL 139 :
Devers mitx dia arribé's major.
— Bernadet (li diu com el vou), jvol dir ja hi
étsl Mos has guanyat: no p jo vench de bupt. Bé
he trescat p demanat, bé he cupdat a caure mort,
cerca qui cerca p demana qui demana a tothom
quihe vist: no l'he trobada a n'aquesta pècora de
flor, ni noves. gY tu qu'has fet, Bernadet2
—Jo (diu s'atlot) l'he trobada, gracies a Deu,
y la duch. l
—i Que me dius2 4p tu la dus Veam-la.
—Valataquí, (diu en Bernat, P se'n treti una de
ses dues).
—3O, qu'es de guapal jo, dichl (depa's major
amb uns ups que li cupdaven a botir).
Y al acte s'enveja ja'l tengué agarrotat, p se
posó a dirli couenta p verinosa: 3
—jja estú fet de tul... jja la't porós mirar bé l
de lluny a sa coronal jiLa't porés mirar, però to-
carla2... un llamp te tocarà elll jFe-t'en un núu a i
sa coa, fiet, d'esser es majori jEl mon a s'enre-
vésl jes petit comandarà, y es major qu'el s'en
duga'l dimoni, si""1 voll
Tant s'ho posà dins es cap a n'axò, que per
sortirne com més prest millor, pega grapada a n'en
Bernadet, li pren la flor, el mata, ç P'enterra dins
un arenal que hi havia allú devora.
Hora-baxa, arriba's germú segon.
—ée No la dus, ehP (li diu es major, d'un tros
enfora).
",NA
139,"140 RONDAYES MALLORQUINES

—No (respon aquell).

— Ja la duch jo, ç me tocava a mi durla, per-
que som es major.

— i Y en BernadetP

—Que's fassa trons. Anem, p ja mos agalaró
Si vol, que tampoch no hem de caure morts aquí

. esperantlo... jHagués teta via com noltrosi

Se'n van cap a ca-seua, e-hi arriben, es major
presenta Ía flor romanial, P tot d'una que la posen
demunt sa ferida de son pare, sa ferida s'asseca,
se clogué, P no més va romandre sa costura.

El rep, tot content, va dir a n'es major:

—Teua serú sa corona, en morirme jo.

—ç Y en Bernadet2 (los demanaven).

Es segon depa que no'n sabia noves, que no
havia comparegut a s'entretorch des tres camins,
es dia que pertocava.

Ara es major, mastegant fasols, responia:

—No me'n parleu. No comparegué, s'alluxó
de noltros, ç bellament mos porem afluxar d'ell.
Y sobre tot, no'l me donaren a guardar tampoch.

Aquest polissó estava ben segur de qu'era mort
y que no sortiria de devall s'arena, però com en
Bernadet tenia uns cabeps ben llarchs ben llarchs l
quant l'enterrava, de desgracia, n'hi dexú un que
guaptava una mica a llor d'arena.

Y ique me'n direu2

Ell aquell cabepet comensú a ferse gruxat p-
gruxat, p tornú una canpa amb un canons ben
",NA
140,"LA FLOR ROMANIAL 141
llarchs, amb unes fupes ben verdes, ben llustroses,
ben afuades, p com es vent hep feria, fepen una
siuladissa sa cosa més dolsa p suau, Com que par-
lés a n'es cor. /
Passa un pastoret, Y veu aquella cana: /
—j Ésl (s'esclama) 9 aquí es sortida una canya
tota solal... jo, que hu es P que hu es de garridal
:No, 9 uns canons ben llarehs qu'ha tretst. qJo que
vaix tan enderrer d'un fabiol, m'hi vendrà com
l'anell al dit aquesta canpa.
La tapa, en fa un fabiol, prova Si sona, p sona i
de lo mes bé, V hala petit, bufa qui bufa, p es fa-
biolet sona qui te sona, p com que s'hagués d'es-
querdar de rabiu que sonava.
Y heu de creure p pensar qu'aquell fabiolet,
sonant sonant, se posa a dir:
—jO pastor, lo bon pastori
tu'm toques y no'm fas mal:
m'enterraren dins l'arena
per la for romanial. L 4
Es pastoret quedà tot astorat, sense polsos.
Prova de sonar un'altra vegada: e-hu prova
deu, vint, cent vegades més, P totes ses vegades
que hu provà, es fabiolet tornó dir: I
—IO pastor, lo bon pastort
tu'm toques, y no'm fas mal:
m'enterraren dins l'arena
per la flor romanial.
Aquell pastoret un dia passava per devant ca'l
rep, Sona qui te sona.
",NA
141,"142 RONDAYES MALLORQUINES
El rep guaptava a sa finestra, p nota qu'es
fabiolet d'aquell pastor, en es metex temps que so-
nava, depa:
iO pastor, lo bon pastorl
tu'm toques y no'm fas mal:
m'enterraren dins l'arena
per la flor romanial.
Allò li vengué molt de nou. Crida es pastoret
p li diu:
— gi Qu'es axò2 seom es qu'aquex fabiol parlaP
—Jo no le hi sé dir, (respon s'atlot). Jo no fas
més que bufar, p Surt aquesta veu.
—Veam si hi but jo, si farà lo metex.
El rep el se du a sa boca, p comensa a sonar,
Sona qui te sona, es fabiolet se posa a dir:
—iO mon pare, lo meu parel
me tocau y no'm feys mal:
m'enterraren dins l'arena
per la flor romanial.
I . Aquí'l rep erida la repna, y li diu:
—Veam, sona tu aquest fabiol.
—é Y ara2
—3Sona te dichl jdepressal
La reyna'l pren, Y encara no varen haver bro-
llat es primers sons, com es fabiolet se posa a dir:
—jO mare, la mia marel
me tocau y no'm feys mal:
: m'enterraren dins l'arena
per la flor romanial.
",NA
142,"LA FLOR ROMANIAL 143
—Però 4que diantre pot esser axòP (depa'l rep
tot astorat). 4Qui ha vist map un fabiol parlar2
Li passa p'es cap una idea feresta, p crida es
seus dos fips:
—qSonau (los diu) aquest fabioll
Es major no anava d'aglans. l
Es segon no hi feu dos mots: l'agafa, el se du l
a sa boca, sona, P es fabiolet se posa a dir:
—IiO germà, lo bon germàl
tu'm toques y no'm fas mal:
m'enterraren dins l'arena i
per la for romanial.
— Ara has de sonar tu, (diu el rep an'es major).
— No tench sonera (respon aquell, amb males
reclanques).
—Y dò fés de tenirne.
—No vos ho passeu pe's cap: no sonaré.
Aquí el rep, volat de tot, diu: I Ú
—No, ell sonarés o'l dimoni te'n durà. Sona
més que depressal
Es polissó no tengué altre remep que durse's
fabiol a sa boca.
Tot d'una que hi bufà, es fablolet se posé a dir: L
—iO germà, lo mal germàl
tu'""m toques, y me fas mal:
m'enterrares dins l'arena
per la flor romanial. J
El rep no'n va tapar pus: se'n va amb tota la
cort p es pastoret a n'aquell arenal, allú hont era
",NA
143,"144 RONDAYES MALLORQUINES
sortida aquella canya, cavaren, P me troben en
Bernadet devall s'arena, sú p bo.

Com no més havia mostrada una de ses dues
flors, p no més li havien presa aquella, li era que-
dada s'altra, p mentres la dugués demunt, no hi
havia mal que'l pogués matar, Y Si mil anps ha-
gués estat devall aquella arena, mil anps seria es-
tat viu.

Ell contà tot lo que li havia passat, p demanà
a Son pare que per amor de Deu p per amor de sa
Mare no fés matar es germú major: son pare con-

/ sentí a tancario no més dins un castell per tots es
dies de sa vida, p al acte donú sa corona a n'En
Bernadet, que fonch un rep des millors que hi
haja haguts map.

Y sa rondaya ja està acabada, p Si no mos tor-
nam veure plegats aquí, que mos hi vegem a la
Gloria. Amen.

4
",NA
144,"CEE ICIIIIIIXIXIIIIÓ x
TRES GERMANS DESXONDITS 0
Ce tacte a TER:
XÒ era un pare que tenia tres fips, en Pe- /
rai re, en Pau p en Bernat.
Se morí, p no més dexú mitx hort de
terra amb un morer.
Posú en es testament: fas mon fill hereu.
—Jo som tiy, jo som s'hereu (diu es major).
—A poch a poch (diu es segon). Si tu ets tip,
també hu som jo, p si't toca atu esser s'hereu,
també'm toca a mi.
—iY a mi que no'm contau per resP (diu es i
derrer). jVeam si""m fareu bort a poch a pochl jEll
(1) La'm contaren en Toni Garrií, de Sent Llorens, l'amo
Antoni Vicens Santandreu, de So'n Garbeta, el sen Toni Nebot,
Leu, y na Rafela Ca/ona, de SO'n Servera, y D. Juan Ferriol,
Pre,, de Sineu,
",NA
145,"146: RONDAYES MALLORQUINES
hep haurà d'haver més de dos doblers de raons
per pendre'm s'herevatjel

Aquesta es teva, aquesta es meva, no se po-
rien avenir per cap vent del mon.

Bé los depen que, per no anar de plets, p fon-
dre-hu tot derrera escrivans, missers P procura-
dors, fessen tres parts iguals de s'heretat, Ç n'hi
hagués una per hom, però ells responien:

—è Fer tres parts 2 pjamapl Prou poch es, gp
encara hu voldríeu xapar2 jEll seria com es porch
d'en Nas-de-bota, que tot se va retre en llemu-
guesl (1) ijBenhaja un bon hereul Primer farà fla-
mada s'heretat, que no consentirem a xaparlal
iQui tendrà ungles les treuról

Com prou se varen haver gatinpats, digue-
ren:

—Lo millor es que anem a n'el rep, p ell que
fassa sa sentencia.

Un dia dematí s'axicaren abans d'anar en lloch,
p ja foren partits un derrera s'altre.

Camina caminaràs, en Pere troba un homo
qu'havia perduda una mula, p la cercava.

—Germú, (diu s'homo) eno hauríeu vista una
mula2

—é Qu'era torta2 (diu en Pere),

—Si que hu era. 4 Vol dir l'heu vista2

— Jo tampoch no he dit tant.

(n.o Llemugues son lo metex que a Ciutat diuen raissons,
",NA
146,"TRES GERMANS DESXONDITS 147
Aquell de sa mula seguí sa seua via, Ç al punt I
encuantra es germú segon.
— Germú, (li diu) gno hauríeu vista una mula2 l
— i Qu'era coxaP (diu en Pau).
—Si que hu es. 4 Vol dir l'heu vistaP
— Jo tampoch no he dit tant.
Aquell de sa mula seguí sa seua via, Y al
punt encuantra es germà derrer.
—Germà, (li diu) éno hauríeu vista una mula2
— i Qu'era curta2 (demana en Bernat).
—Sí que hu es. gVol dir l'heu vistaP
—Jo tampoch no he dit tant.
Aquell de sa mula seguí sa seua via, tot con-
sirós p mal a pler. A
—jCom es vetla llissal (depa ell) que tan me- -
tex es gros qu'aquets tres ihomos m'hajen endevi-
nats es tres defectes de sa meua mula, sense ha- Es
verla vista ni conexer-la. Si no son ells que la
m'han presa, ells saben per ont caplleva. Sobre
tot, o'1 dimoni e-hi ballarà de capoll, o han sebre :
per que no m'han volgut donar més claricies de sa
mula. A n'el rep me'n vatx a contar-ho.
Gira en coa, p se'n hi va, p feu tanta via per
una dressera, que hi va esser primer qu'aquells
tres, qu'arribaren com ell acabava de contar es
pas a n'el rep.
Los conegueren, p criden es major:
—i Com es. (diu el rep) qu'has demanat Si
era torta sa mula, sensa haverla vistaP a
",NA
147,"148 RONDAYES MALLORQUINES

—Jo le hi diré (respon s'estornell): perque
p'es camí, com venia, he reparat que no més es-
tava menjada una vorera, Y S'altra no era cone-
xedor que l'haguessen tocada. Y jo he pensat:
AXÒ no pot esser més qu'una bistia torta d'un up.
Si hagués vista s'herba de ses dues voreres, no
se seria contentada amb sa d'una.

—jAquesta't vall (diu el rep) p crida es se-
gon.

— gCom es (li diu) qu'has demanat si sa mula

: era coxa, Si no l'havies vista2

—Jo le hi diré, (respon s'estornell): perque
p'es camí havia reparades unes petjades de bis-
tia, seguides seguides, p qué, en lloch d'haverhi
ses quatre potes senpades, no més n'hi havia tres,
V jo tot d'una he pensat:—Jja devia esser coxa
aquesta bistia qu'es pasada

—jAquesta't vall (diu el rep), p crida es de-
rrer,

—gCom es (li diu), qu'has demanat si sa mu-
la era curta, Si no l'havies vista2

—Jo le hi diré (respon s'estornell): perque
p'es camí havia reparat qu'es sembrat de cada
vorera no tenia sa roada gens espolsada, p qu'e-
hi havia potades fresques, p he pensat tot d'una:
AXÒ no pot esser més qu'una bistia Curta qu'es
passada per aquí, p no ha pogut espolsar aquests
brins.

—jAquesta't vall (diu el rep).
",NA
148,"TRES GERMANS DESXONDITS 149
Y aquell de sa mula se'n hagué de tornar sense I
res en es fus. VAN
—iQuins tres beneptsl—depa'l rep remenant l/ A
es cap, P pensa qui pensa amb sa resposta que —/ / /
cada un havía feta. I l l le
Com li varen haver demanat que tés senten- lo
cia sobre's testament de son pare, e-hi volgué /——
anar amb senp de bistia vepa. / /
Los fa romandre, p los donen una cambra gp ———/ l
un llit per tots tres. j
Lo'ndemó, los diu qu'esperen un dia més, p V I
dos criats, d'orde seua, los posaren un paper de
xigarro bax des pilars des llit, P s'amagaren dins
una caxota que hi havia devora, conforme el rep
los havia manat, comanantlos qu'escoltassen bé lo
qu'aquells tres dirien en colgarse.
Com varen haver passada la Corona p sopat,
se'n van a jeure, Ç encara no varen tocar llit,
com digueren tots tres a la una:
—O'I cel s'es abaxat o la terra s'es alsada, o
mos han posada cosa devall es pilars des llit.
Peguen bot al acte, e-hu miren, p troben es
paper de xigarro devall cada pilar.
—No res, (digueren): dexemlos-hi fer, que .
com los hi han posats, senyal que los hi volien.
Sobre tot, tampoch axò no mos aturarà gapre's
dormir.
Com lo'ndemú el rep sabé's pas, no hi poria
donar volta, P n'estava com un benept,
T. M,—10,
",NA
149,"150: RONDAYES MALLORQUINES

—No res, (digué): que los fassen dinar d'una
porcella rostida p de bon vi, p dos escrivans,
amagats, que no los puguen perdre cap paraula,
qu'escriguen tot quant dirón.

AXÍí se va fer. Com aquells tres veren sa por-
cella rostida, ja hi estàn abordats, Ç venga tala-
bant p altre talabant, P no se donaven raó a ses
barres. Aviat pagà la esta es vi, No havien mes-
ter tassó, li pegaven amb so brocal.

Ja fepa una bona estona qu'enfornaven p xe-
rumbaven, 9 no los havia llegut embarbollar mit-
ja parauleta.

A la fi, un diu:

—jBona es aquesta porcellal

—jBonal (responen els altres dos), però té

gust de cadella.

Des cap d'una estona, un altre diu:

—jBo es aquest vit

—3Bol (responen els altres dos), però té gust
de fossar.

Des cap d'un poch un altre diu:

—jBo es aquest rep, que mos tracta tant bél

Els altres dos li saltaren demunt, dient:

—j Callararum callarorol que n'es bòrt Ç fig
de moro.

Es dos escrivans escrigueren tot axò, Q e-hu
presenten a n'el rep, que digué tot d'una:

—jFosca d'aubal En parlar de mi no rich. Jo
e-hu he d'arribar a s'enfront a n'axò, p si no'n
",NA
150,"TRES GERMANS DESXONDITS 151
surten nets, jo los assegur que s'hi han de posar
sa mé.
Crida es carnicer, p li demana d'ont sortí
aquella porcella.
Es carnicer fa cames, p allà hont la comprà li
diuen: i
—Es dia metex que nasqué, sa mare se morí,
Teníem una cadella qa'alletava, li matam es quis-
sons, 9 sa porcellina li mamà.
—qAquesta los vall—diu el rep, com es carni-
cer li conta axò. ,
Crida es reboster, li demana d'ont es sortit es
vi que s'han begut aquells tres homos. Es rebos-
ter, a forsa de pensar, se recorda de qui le hi va
vendre, va a preguntarlo, Ç aquell diu:
—Aquest vi es d'una vinpa qu'es véps diuen
que per temps hep enterraven: era fossar.
—jAquesta los vall-—diu el rep, com es rebos-
ter li contà axò.

Pero encara li faltava aclarir lo més gros, lo son
derrer qu'havien dit, /
Comensa a cercar des llim de ses olles per
aclarirho, p aviat posú forqueta, perque aclarí
massa, Ç e-hi va tirar terra demunt, més que de-

pressa.
No foren tot berbes sa rabiada que va prendre,
Com l'orgue tornú estar trempat, crida un pin-
tor p es tres revetlers, p diu a n'aquets:
—Per ter sa sentencia que'm demanau, he
",NA
151,"152 RONDAYES MALLORQUINES
mester un retrato de vostron pare. Donau quatre
indicis de sa seua fesomia a n'aquest pintor 9 el
mos retrataró.

Los hi donaren, Q aviat sa figura estigué
feta.

El rep la penja a una paret, fa venir es tres

germans, p los entrega una ballesta p tres fletxes
per hom, P los diu:

—ijHalal desparau aquestes fletxes a n'aques-
ta figura. Es qui n'hi acorarà una més endins, Su's
mitx des cor, aquell serà s'hereu.

Es major pren sa ballesta, desparà ses tres
fletxes, p totes les clavú ben endins, Ssu's mitx des
cor de sa figura.

Pren sa ballesta's segon, despara y tengué
tant bon dret com es major.

Entrega sa ballesta a n'es derrer.

Es derrer, en lloch de despararla, la torna a
n'el rep, p li diu:.

—Senpor rep, p'es mitx hort de terra y es mo-
rer ni per tot quant me pogués haver dexat mon
pare, jo no despar a una figura, a una semblansa
seua. Si per esser hereu li he de desparar ses flet-

 Xes, m'allux de tot quant me puga tocar.

—jTu éts es vertader fill (diu tot d'una el rep):
i Tu éts s'hereul qja no importa que desparesi jJa
està feta sa sentencial

En Bernadet se'n anú a ca-seua, p. posseí des-

d'aquell día es mitx hort p es morer.
",NA
152,"h t i Aula j i l Les Mn Mpi3 Gil i pri '
qu Ra A TT Au: del JG AE UA AU La i ja ha ai CME ets P UA da xy ur 4r ,
GES RE IEC EES NR ME ECO
VS are pe Mad ea l'E da h Ms a le dl Lidia : ea Es 0, ea LE 4 Li , R y Meitss
gM dedi. : EL 4 4 pal ad i diga i
Ed i OO TRES GERMANS DESXONDITS ASS EUA a his
vo Y ara creume, sies el qui sies que lletgepso ee i
escoltes: AA
Diada de vent, Mai
pose't a un arrecés, y estarés calent. Deia l
EL
les i
ij
Torre Nova, Decembre de 1896. De:
d Ve di l
i l u l
I fei: I
A I
h : d'etepa I
ia
ul
: , a, I
as: J
i i
AE.
- de ea,
1) EA
Mn — i
/ cut Mu: I :
' sa ' u I J Lari
L3 ar
acti in
is due — 4 ME
Hi I i)
Eu:
i.
1 N i at
pi
d'A N i
A Mi dd Ú ) I
j en a
SC
. TL J
I LL Li Ta
l Cs
A L es l
I
a
, Fa 1 . Ú La 4
à La Mn.
x L Q : I a. j
Te t R - I - he es ve ISLANA , Ú
",NA
153,"e

SA OOMTESSA SENSE BRASSOS ""

——n a OS OO Qireee——

XÒ era un comte més jugador que ses car-
tes. No tenia cap fip, p hauria fet s'upas-
tre esbrancat demunt sa creueta des cam-

panar, per tenirne un.

Un dia qu'havia perdut tot es seu cabal, p se'n
tornava a ca-seua ben ala-baxa, li comparex un
senporot que dupa mal'ombra de tot, p li diu:

—Tendreu un infant, sim promets durio'm en .
fer set anys, Y no't faltaràn doblers pus, tant jugues
p tant gastes.

(1) La'm contú la meua germana Francin'Ayna, Aquesta y la
titolada £s Poal florit, millor que de rondayes, ténen la trassa y el
tò de eczemples, trèts de qualque L/egendari de vides de Sants,
de l'Edat mitja. Com el poble les s'ha fetes seues, y de la seua
boca les recullírem, les donam entrada axí metex en el present
Aplec,
",NA
154,"SA COMTESSA SENSE BRASSOS 155
—iT'ho prometl-diu es comte, sense sebre
que's matjencava, d'encallat que se vepa.
—lIdò el m'has de dur dins un bosch que tro-
barús, en haver caminat set dies cap a n'es ponent.
— No tengues ansia, el t'hi duré.
Sa comtessa, des cap de temps, tengué una ni-
neta, sa cosa més hermosa. Valia ups per mirar.
Com va haverscumplits es sèt anps, son pare,
greu de mort li sàbia, però no tengué altre remep,
la se posa a ses anques des cavall, p ja's partit cap
a n'es ponent.
Camina caminarós, passen per devant una er-
mita de la Puríssima, p de defora vepen sa figura,
qu'era ben hermosa ben hermosa. :
Com aquella nineta la repara, diu tot d'una:
—Mon paret, dexaume devallar, p aniré a dir
ses tres Avemaries p sa Salve a la Purissimeta.
Son pare la devallà, p ella se'n entra dins s'er-
mita, p diu ses tres Avemaries p sa Salve.
Com acabava, la Puríssima obri sa boca, p li
diu:
—Acostet, fieta meua estimada.
Sa nina s'hi acosta tremolant.
—No hajes por de res, (diu la Puríssima), que .
jo som la reyna del cel, P som ta mare. Mentres
sies una bona atloteta, me tendrés en es teu costat,
—Vos promet que hu seré, (diu s'atlotona).
La Purissima se treu un rosari ben preciós, P
e hi dona, dient:
",NA
155,"156 RONDAYES MALLORQUINES

—No't eanses map de passarlo: amb ell arron-
sarés tots es teus inimichs,

Aquella nineta pren es rosari, surt de s'ermi-
ta, Son pare la torna posar a ses anques des cavall,
p de d'allú, camina caminarós. Y s'atlotona passa
qui passa'l Rosari, p com més resava, més ganes
li venien de resar.

—qVeam si no acabaràs mapl (depa son pare).

Des cap des sèt dies de caminar cap a n'es po-
nent, se trobaren dins un bosch per ont no passa-
va ningú map.

Al punt los comparex es senporot, Q llavò sí
que hu trobé's comte que'n dupa de mal'ombra.

No hi poria consentir a haverli de dexar aque-
lla fieta des seu cor, però no pogué passar per
altre vent, V se'n anú plorant.

Era sanch viva lo que li ratjaven ets ups, P
ses llàgrimes li botegaven ses galtes.

S'atlotona també plorava, però resant amb una
bona devoció P tota aconhortada.

Es senporot la se mira de daltabax, la veu que
no para de resar p de fer córrer llàgrimes p G/o-
riapatris des rosari, V llavò sí que'n va fer de ma-
la cara. No eren tot berbes.

—IjQue tant de resarl (diu, des cap d'una esto-
na). ija m'has fet es cueh de s'orepa malaltl

Ella abaxa més la veu, que casi no la sentien,
9 hala, petital vengue Avemaries py Parenosiros
v Gloriapatris.
",NA
156,"SA COMTESSA SENSE BRASSOS 157

Es senporot, com veu allò, tot enforiolat, li pe-
ga grapada a n'es rosari, le hi pren, p le hi tira
sèt hores llunp. l

S'atlotona, com se veu sense rosari, en lloch
d'aturarse de resar, va prendre sa fúa més forta, p
llavò sí que depa arreu, p contava amb sos dits.

Es senporot aquí cupdú a fer es tro: se treu l
s'espasa, y li tapa's brassos fins en es colsos.

S'angelet no contà pus amb sos dits perque .
no'n tenia: dupa es conte de cap, Y li vepen es l
morrets que se remenaven ben depressa.

Es Parenostros y ses Avemaries li brollaven
rabents des cor, Ç se'n anaven cap al cel com a
Hetxes bronint.

Es senporot, veent que no hi tenia res que fer
amb aquella atlotona, que tot quant e-hi posaria
perdria, fogí corrents, més que depressa, tent Ela-
mada p flastomant.

Ella quedà tota solina dins aquell bosch, 9 pas-
saren dies Ç més dies, p setmanes, p mesos, P
anps, p allà vivia de ses herbetes p de sa mica de
Írupta que poria abastar amb ses dents.

Com no tenia més roba que sa que dupa de-
munt, arribú a anar mitx despupada. l

Un dia, es senpor d'aquell bosch, qu'era un
comte, encara fadrí, passa cassant.

Ella sent s'estabó, y d'empegueida qu'estava
de que la vessen d'aquella manera, s'amaga dins
una mata,
",NA
157,"158 RONDAYES MALLORQUINES

Es criats des comte senten mica de trepitx p
noten qu'es brancons d'aquella mata se bellu-
guen.

Se'n hi van correns amb sos cans, no sabent
quina cassa poria esser aquella.

Com veuen qu'es una atlota mitx despuyada,
se'n van corrents a dirho a n'es senyor.

Es senpor se'n hi va, p li tira Sa capa, perque
la s'abrich p surta de sa mata.

Com la s'hagué abrigada, surt, p es comte
se'n compatí Y se'n enamoró tant fort, que la se
posa a ses anques des cavall, p cap a ca-seua.

L'entrega en mans de sa mare, comanantli que
la rentassen p la vestissen de ses robes millors
que hi havia a la casa.

Com la tengueren rentada p enllestida, tothom
va quedar astorat de lo hermosa qu'era p agracia-
da. Corria's setze anps.

Ningú n'havia vista cap map de més gentil.

—iQuina llàstima que no tenga brassosl—de-
pen tots es qui la vepen. Si'n tenia, el rep P tot
seria poch per ella.

Es comte se feu trons de que li mancassen es
brassos, p diu a sa mare que s'hi vol casar, Ç sa
mare no hi feu dos mots.

Se casaren, P se feren unes noces de pinçol
vermep, Ç un ball malept, P sarau pe' sa mare P
pe"" sa fia.

Des cap d'una temporadeta, se mou una gue-
",NA
158,"SA COMTESSA SENSE BRASSOS 159
rra. Es comte se'n hi hagué d'anar, p dexar co-
manat que, en haverhi res de nou, le hi enviassen
a dir.

Lo que hi hagué de nou des cap d'una tempo-
radeta, que sa comtessa jove tengué un infant, un
minyó com un sol, p li posaren nom Guiemet,
com son pare.

Sa seua careta dexava anar tanta resplandor,
que's vespres servia per fer llum. ay

Allà ont el tenien, ses criades hey vepen a co-

Sir.

Sa comtessa véya escriu a n'es comte:

—Tenim un nin com un sol,

Dona sa carta a un criat, es criat partex, P ca-
mina caminaràús, cap allà ont era es senyor.

Es vespre queda a un hostal, p mentres dor-
mia, e-hi comparex aquell senporot, qu'era el di-
moni (ijJesús, Sent Antonil), p li gira sa carta, p
li posa:—Sa teua dona ha tengut un mòstro: no
sabem si es animal o criatura. Tothom xerra, P
diuen qu'es més clar que s'apgo, qu'una atlota
trobada dins una mata a un bosch, no pot esser
més qu'una polissona. Si no la trepm defora abans
de més raons, mos camparem malament.

Es comte, com lletgex axò, se'n du un enutx
ferest.

Agala sa ploma, p escriu:

—Sia lo que sia lo qu'ella ha tengut, guar- —— .
dauho fins que jo venga, p a ella teniula tan rego-
sitjada com si fos jo metex.
",NA
159,"160 RONDAYES MALLORQUINES

Partex es criat, p, la mala Sort, torna roman-
dre en aquell metex hostal.

Com dormia, el dimoni e-hi comparex, Q de
bell nou li gira sa carta, V li posa: -— Que se'n va-
ja més que depressa aquexa gran polissona amb
s'infant o lo que sia. Si en jo venir los trob dins
sa casa, a tots vos trech defora.

Es criat entrega Sa carta a sa comtessa vépa,
que va romandre com una benepta.

E-hu vepa, P no hu crepa que's seu fip hagués
escrit allò,

Agata's criat, Y li demana:

—i Y es comte t'ha donada aquesta carta2 g Ell
metex la t'ha donada

— Sí, senyora, ell metex.

Llavò sí que hi romangué confusa la dona.

Lo que fa ella, remet a n'es seu fip en se-
guida:

—Me dius en sa carta que trega delora s'infant
Y Sa mare, P que, Si en venir los hi trobes, mos
treuràs defora a tots. Vetx qu'es sa seua lletra,
però no puch creure que sies tu qu'hajes escrit
axò. No mouré cap peu, que no tenga altra con-
testació teua. Una atlota tant bona atlota, una
santa, Y un angelet tan hermós, un angelet del
cel, haverlos de treure deforal No e-hi ha dona
per ferhol

Entrega sa carta a n'es metex criat, que partí
al acte cap allà ont era's comte.
",NA
160,"SA COMTESSA SENSE BRASSOS 161
Camina caminarús, se fa's vespre, p roman en
es metex hostal.
Com dormia, e-hi comparex es senyorot, p fa
sa metexa endemesa. Gira sa carta Y posa: l
—Estich empegueida de sortir a n'es carrer.
Tota sa gent me signa amb so dit perque consent a
tenir dins sa casa una polissona com sa teua dona,
que Deu ja la castigú llevantli es brassos, p enca-
ra no ha bastat: l'ha haguda de castigar, fentli né-
Xer un mòstro tant terest. Sobre tot, si ella ha d'es-
tar pus aquí dins, no hi estaré jo: ja estich rede-
cansada do que sa gent m'haja de posar sa llengo
demunt, essentne ben neta, com en som.
Com es comte veu axò, sí que s'enutjà fort.
—Veam si'l dimoni e-hi haurú bulatl-depa re-
menant es cap p amb més ganes de ferho a tochs
que d'altra cosa. ei
Agala sa ploma, p remet al acte:
-—No compreneh lo que'm deps. Vatx dir que
fos lo que fos s'infant, el me guardússeu a ell p sa
mare, tant bé com si fos jo metex. Axò vatx dir,
V axò dich. No vup sebre qu'es lo qu'es nat: lo
que vup, que m'ho guardeu, P vos valga per ve-
gada.
Es criat partex amb sa carta, p de d'allàl
Se fa es vespre, roman a s'hostal, p cansat p l
mort, se'n va a jeure. Tot d'una que ronca e-hi
comparex el dimoni, p li gira sa carta, P li posa:
—He dit p torn dir que la tregueu defora a
",NA
161,"162 RONDAYES MALLORQUINES
ella p s'infant. Mirau quin'hora vos ho dich: si en
jo venir, los hi trob, tots vos mat. Y be'm cone-
Xeu vos: som mès capés de ferho que de dirho.
Som jo que comant, axò man que fasseu. No vos
contestaré que no m'envieu a dir qu'e-hu heu fet.

Com sa mare veu aquesta carta, romp en plors,
p se va haver d'ajeure. No e-hi havia qui la po-
gués aconhortar.

eCom li havia de bastar cor de dir a sa nora lo
que passava, si l'estimava més que si los estada
una fia propia, si vepa que tothom estava elevat
amb ella, Ç sobre tot, amb aquell ninet seu, tan
hermós, just un xeratinet, Ç que la gent hep acudia
a forfollons per poderlo tenir en ses mans, mal-
dement no més fos una micopa2 Com li havia de
bastar cor de treure defora aquell angelet, aquell
netet seu, p sa mare, aquella santeta en vida, aque-
lla nora seua benvolguda2

Però se tepa precís cumplir ses ordes des com-

te, que no porien esser més clares p més esti-
rades.

No sabent com dirle-hi a sa nora, a la fi li en-
trega, tota plorant, aquella carta teresta, per que
ella matexa la llegís p se'n enterés.

— jjesús, ma mare, (diu la pobreta, com la va
haver lletgida), no ploreu per axò ni per altre
tantl iSi jo map me'n poria avenir qu'un senyor
tant gros p tant polent m'hagués volgudal No sé
com m'ha poguda sofrir tant de tempsi... gSabeu
",NA
162,"4 l
SA COMTESSA SENSE BRASSÓS 163
que farem2 Posaume una talequeta devant, p es
ninet dedins, p axí li poré donar mamar, Q me'n
tornaré a n'aquell bosch d'ont me va dur, Y ahont
vatx estar tant d'anps, sa més regalada del mont

Com la sentí sa comtessa vépa, llavò sí que n'
hi sabia de greu de que se'n hagués d'anar, però
no li quedú altre remep qu'allargarhi es coll.

Li feu una taleca amb una trencafila a's mitx,
a una part li posà s'infant p a s'altra un serró de
doblers, un boliquet de roba, p un parep de pans
y fils de sobrassades, p li passa sa taleca p'es
Coll.

Carregada d'aquella manera, sortí sa mesqui-
na de la ciutat, cap a n'aquell bosch.

Camina caminarós, p es ninet mama qui mama,
arribé a estar axuta de tot Ç a tastanetjar.

Cansada p morta amb tant de pes que dupa, p
abrasada de set, troba un pou, amb un'apgo ben
clara, però sense corda ni poal ni ningú per allí
que hi entrés a treuren'hi un glopet per remuparse
una mica sa boca,

—3O, Si jo pogués arribar a n'aquesta apgol
(depa ella guaptant dins es pou). jO, si jo e-hi
arribúsi Beuria a voler, p cobraria lorses per pas-
sar envant.

Tantes ganes li fepa aquella apgo, p tant e-hi
guaptava, que s'acalà un poch massa, P es nine-
li surt de sa taleca, p li cau dins es pou.

—ijVerge Santissimetal iMare meua estima-
",NA
163,"164 RONDAYES MALLORQUINES
dissimal—diu ella fent un crit esglapador, p cup-
dant a perdre's seny. Si heu de fer un miracle per
mi, jara es s'horal jSi sou mare meua Y jo som
fia vostra, valeume, Reyna P gran senporal

Encara no hu va haver dit, com s'apgo des
pou, justifet un'olla qui pren es bull, ja es partida
a pujar P a pujar, p es ninet que sSurava, surava
sonrient.

Aviat s'apgo fou tan amunt, que ja vessava
per dalt es coll.

—3O, Si ara tenia's brassos sencersi —digué
la pobreta, P allargú's dos trossos que li havien
quedats.

Allargarlos p sortirli's trossos que li faltaven p
ses mans, fonch tot u.

Ja hu crech que pega grapada a n'es nin més
que depressa, l'estreng demunt es cor ben fort, P
el se cupda a menjar de besades.

Feu millons de gracies a n'el Bon Jesús p a la
Purissimeta, per aquell miracle tant gros qu'ha-
vien obrat per ella, Y los oferi una volta més es
seu fió.

Pensú una estona quin camí havia de prendre.
Amb sa malicia qu's seu homo demostrava a sa
carta, cregué que lo millor seria anarse'n ben en-
fora, per lo que pogués esser.

Camina caminarós, arriba a una ciutat. A s'en-
trada e-hi havia un grandiós convent, Y just de-
vant, una caseta, p en es portal una dona que
filava.
",NA
164,"SA COMTESSA SENSE BRASSOS 165
Entra a l'esglèsia, opex un entilap de misses.
Com no'n sortiren pus, Sortí ella, p encara hi h / É
havia en es portal d'aquelles casetes sa metexa /
dona que filava. es rel l
A n-aquesta li vengué de nou aquella jove es- — /
terna, tan gentil p senyorívola, amb aquell ninet I — SE
com el sol. El
Ja hu crech que no pogué estar que no hi anés — / I
a demanarli de noves per sebre qui era, d'ont ve- j I :
nia, p que cercava per allà. lj
Sa jove le hi conté tot, p ella va dir: Li I
—Fieta meua, si vols estar amb mi, me faràs V I
un bon favor. Jo rent Sa roba a n-es frares d'aquest
convent, com sontants, e-hi ha fepna bé per
totes dues. l'assegur que estaríem ben bé, plega-
detes com a dues germanes.
E-hi va quedar, p com a dues germanes foren
sempre. Map tengueren mitja parauleta de res.
Y es nin al punt va esser grandet, p sempre
era amb sos frares, que li mostraren de lletra p
de servir missa, p el feren escolanet.
Des cap de set anps,es comte torna de la guerra.
Arriba a ca-seva, Y no hi troba sa dona ni
s'infant.
Prengué una volada feresta.
Sa mare per tota resposta li presenta ses dues
cartes qu'havia rebudes d'ell.
— çEscrigueres axò (diu ella), p ara te'n
vens amb aquestes2
T. l—IIe
",NA
165,"166 RONDAYES MALLORQUINES
Es comte les se mira, p queda sense polsos.

—Es ver (digué), qu'axò es just sa meua lle-

tra, però més ver es encara que jo no he escrita

— una tal cosa, sinó tot lo contrari. Jo lo que vatx
escriure per dues vegades, que la regositjàsseu, a
ella p s'infant, fos lo que fos. AXÒò p no pus vatx
escriure jo, com vos m'enviàreu a dir que no sa- — :
bíeu s'infant Si era animal o criatura, Y que tothom
malpariava de sa mare, que depen que no poria
esser més qu'una polissona p que vos no volíeu
estar pus amb ella.

—gJo enviava a dir axòP — clamó sa comtessa
véypa, tota astorada.

—Sí, aXÒò, —respòn es comte.

—Jo no vatx escriure tal cosa (diu sa mare).
eCom e-hu ""via d'escriure, si era tot lo contra-
fiP gsi's nin era com un sol, que negú map en ""via
vist cap de tan hermósP gsi tothom estava ele-
vat amb sa mare, p tots se clamaven ditxosos de
tenirla per senpora2 4si beneien s'hora que t'hi
eres casat2 çCom havia d'enviar a dir que no vo-
lia estar amb ella, si l'estimava més que si fos es-
tada fia propi2 :

Si confús estava un, més e-hi estava s'altre,
p no hi sabien dar volta, sobre lo que poria esser
estat allò.

—çg Y cap aont va prendre2 (diu es comte a
la fi).

—Cap a n-es metex bosch aont l'havies tro-
bada (diu sa mare). -
",NA
166,"SA COMTESSA SENSE BRASSOS 167

—lIdò me'n vatx ara metex, Pno tornaré que
no torn amb ella p amb s'infant.

Pega bot demunt es cavall, p partex més
que depressa cap a. n-aquell bosch. l

El tresca tot, p no va veure un únima ni afinà
rastre de res.

—Sobre tot (diu ell), trescaré fins que l'hapa
trobada. Si no la trob, trescaré fins que capga
mort.

Y ja fonch partit, tresca qui tresca camps, vi-
les p ciutats, V. camps, viles p ciutats, demanant
indicis a tothom que vepa.

Negú n'hi Sabia donar.

No més trobú un pastoret que li digué que se
recordava d'haverne vista una de dona, lepa molt ç
de temps, que no'n tenia de brassos, p que'n dupa
un de nin que resplandia d'hermós qu'era. Pero
no li va sebre dir res pus.

L'homo seguí, tresca qui tresca.

Des cap de temps, arriba a una ciutat.

Just a s'entrada afina un grandiós convent, ll
amb una caseta devant, p dues dones, una més jo-
ve que s'altra, que filaven en es portal.

Era'l dematí, sent tocar una missa, p diu a
n-aquelles dones:

—Germanetes, sno'm dexaríeu fermar es ca:
vall aquí, P aniria a n-aquesta missa que toquen2

—Sí, senyor, (digueren elles).

Sa més jove li clava la vista, p el conex:
",NA
167,"168 RONDAYES MALLORQUINES
—qja estam perdutsi (diu amb ella metexa).
(Es ell que mos cerca per matarmosi... iNo res,
serú lo que Deu voldràl... jiPurissimeta Verge,
mare meua amantíssima, no mos desampareul
Es comte se'n entra dins l'esglèsia, surf sa
missa, V la servia un escolanet d'una onzena d'
anys, que tenia una cara com un xeralí P era com
un santet, En tot es temps de sa missa, ni alsé'ts
— ups ni's batega, més que per fer ses cerimònies
que pertocaven,
Es comte no havia vist servir una missa tant

— bé map. Més esment tengué a n-es servidor que a
n-es frare qui la depa. I

Y en sortí un'altra, p la serví's metex esco-
lanet, P, si bé havia servida sa primera, millor ser-
ví sa segona.

Y totes ses que sortiren, les serví ell metex,
sense desmapar un punt.

Es comte hauria jurat qu'allò era un angelet
del cel, que Deu havia enviat per que servís ses
misses axí com toca servirles.

Mentres sortiren misses, es comte no's va
moure.

: Com va veure que ja no'n sortien pus, sortí
ell amb un cap com una ferrada, sens poderse ave-
nir d'aquell escolanet.

Tot d'una qu'es a defora, p veu ses dues do-
nes que li havien dexat fermar es cavall a sa seua
carrera, ja los ne parla:
",NA
168,"SA COMTESSA SENSE BRASSOS 169
—jO, germanetes, quin escolanet que hi ha
en aquest conventl iNo'n 'via vist cap map, ni es
possible que n'hi hapa un de consemblantl j Allò
no es un al'lotl jallò es un àngel en carn humanal /
—qJa es es teul (diu sa vepa a sa jove).
En aquest entremitx se presenta s'allotó, lo
més xaravel/io.
—iVeltaquíl (elama's comte). -jAquest est...
iDitxosa vos, si sou sa marel(diu, girat a sa jove.)
Sa jove a l'acte agafa s'allotó pe'sa mé, p li
diu:
— Guiemet, besa ses mans a ton pare. :
Es comte romangué sense polsos.
—IjAXÒ no pot esserl (diu cridant), jSa meua I
dona no tenia brassosl
Aquí ella los s'arromanga fins ben amunt, p los
hi mostra: tenien una costura a n-es colzos, per tot ,
lo redó. Se conexia qu'eren estats tapats, Y los
havien contegits.
Es comte va veure ben clar qu'allò era sa seua
dona, P aquell al:lotó es seu fip.
S'abrassaren tots tres, p cupdaren a fer up,
d'alegria p de gaubansa.
Es nin volgué quedar per frare d'aquell con-
vent, p fonch Sent Guiem.
Son pare p sa mare se'n anaren a ca-seua, p
visqueren en pau p alegria, anys p més anps, fins
que foren morts.
Y al cel mos vejem tots plegats. Amen.
",NA
169,"ELL LL LES
ES POAL FLORIT Ò I
—ra 4) DO EQ (lira
XÒ era un capità de lladres que allú ont
quepa amb sa seua companpia fepa matx.
Se'n anava a confessar axí metex una
volta en l'anp, però, com es confés lo primer que
li depa, era que no'l poria absoldre si no dexava
aquella vida, se trepa un punyal, Y matava's confés.
AXÒ se va estendre, P arribà que no trobava
cap capellà que'l volgués admetre a confessió.
Un anp, devers el Ram, se presenta a sa porte-
ria d'un convent, demanant per confessarse.
Es llech el conegué, P se'n va corrents y tot
retgirat a ferho a sebre a n-es Prior.
Es Prior, tot confús, erida's frares p los diu:
 —Fiets, ara mos trobam amb aquestes.
(1) La'm conté la meua tia Juana Maria Alcover, de Mana-
cor, al cel sia ella,
h
",NA
170,"a TE A PN
ES POAL FLORIT 171
Si voleu que hi vapa jo (respòn un), di-
gauho, p veureu que de prest l'hauré enllestit.
—Però 4y que no veps que vos mataróP (diu es
Prior).
—No tengueu ansil yja me'n destarél I
Es Prior arribà a dit que sí p es frare ja es
partit. Se'n mena's lladre a n-es confessionari, el
fa agenoyar, p ell s'asseu p li diu:
—Vapa, tu meteix diguès tot quant tens... s
jarreu p fora amagatetjonsi
Es lladre comensa a descapdellar, Y, fins que
hagué acabat, es confés no badà boca.
Llavò li demanà:
—Tens res pus de qu'acusarteP
— No, pare, —respòn ell, p ja tenia es punpal
amb ses mans per ferlo servir, segur com estava
de que li diria:—No't puch absoldre.
Es seus contes foren errats, perqu'es frare no
li digué més paraules qu'aquestes:
—Ja estés llest, te'n pots anar. Sa penitenci
que't don, es que Jo que no vols per tu, no hu
vuyes per negú.
Es frare s'axeca, p se'n va, p el me dexó tot
abillat, sense sebre per ont prendre, tant de nou
li vengué aquella penitència.
A la fi s'estoja's punyal, p ja es partit cap a
sa Còva.
Camina caminarés, p pensa qui pensa amb
aquelles paraules: Jo que no vols per tu, no hu vu-
",NA
171,"172 RONDAYES MALLORQUINES
ves per negú, no les se poria treure des cap, per
via ninguna, P no es que no hu provés de bon de
veres.

Arriba a sa còva, p es companys ja conegue-
ren que dupa cosa.

Li demanaren si hi havia res de nou, si no es-
tava bo: va respondre que'l dexassen fer, p no li
pogueren treure altra paraula.

i Aquell dia, no tastà res ni se mirà negú de
cara.

— 4 Y que no hem de sortir. anitP —li demana-
ren es companps, com vengué sa fosca.

—Jo no estich per res (diu ell). Feps lo que
volgueu, mentres me dexeu en pau

Era que l'homo, aont se vupa se girús, vepa
escrites, resplandents com a vergues de llamp,
aquelles paraules: /o que no vols per tu, no hu
vuyes per negú, Y allò el tenia acovardat de tot.

—ç Com he d'anar a prendre lo d'altri (se de-
ya a ell metex), Si jo no vug que'm toquen lo
meuP

Es companps se'n anaren a pegar un salt a una
possesió que fepa temps tenien alupada.

Ell, tot solet dins sa cova, arribà a estar tan
mal a pler, tant fort li ponyien p li roegaven sa
conciència sa mala fi de crims Y atentats qu'ha-
via comesos en tants d'anps d'esser capità de lla-
dres, que no pogué pus, p fogí més que depressa
Cap a n-aquell convent aont s'era confessat,
",NA
172,"ES POAL FLORIT 173 I
E-hi arriba sa dematinada, toca, li obrin, De-
mana aquell frare, PV, com el se veu devant, li diu:
—Vos me donéreu per penitenci que lo que I
no volgués per mi no hu volgués per negú. Tot A
d'una no vatx veure aont anava a parar axò. Vatx
comensar a pensarhi, p les m'he aficades tant dins
es cap a n-aquestes paraules, que no les me puch l
treure, p vetx que no les puch observar si no dex
d'esser lo que som, lladre. Me som posat tan mal Di
a pler, que ja seria mort Si no futx de sa còva p
no dex aquest dimoni d'ofici. Ja l'he dexat: però
de tot p per a sempre, Y vench a fer una contessió
vertadera de tota sa meua vida, abans que la Jus-
tici me pos ses mans demunt p me penj, qu'es lo
que'm tench gonpat.
Es frare'l feu entrar, se'n va a n-es Prior a /
contarlehi, p varen compondre de tenirio amagat
un parep de dies, per que tengués temps de re- 3
passar bé seua sa conciència P de plorar es seus he
pecats.
E-hu feren axí, p l'homo se confessú de tota
sa vida, sense dexar res.
Com es confés va veure tants de pecats p tan
grossos p ferests, s'esclama:
—qTan possible es que Deu te perdón, com
que's poal des pou florescal )
A n-es lladre li entrà tan endins aquella parau-
la, que ni menjà ni begué de tot lo dia.
",NA
173,"174 RONDAYES MALLORQUINES

Lo'ndemú, grandiet, notaren que sa celleta
aont jepa, estava tancada.

Tocaren a Sa porta, no respongué. Obriren, p
el me trobaren mort dins es llit. /

Es dolor que tengué d'haver ofès Deu amb
tants de pecats, fonch tan viu, tan fort, que'l va
matar.

i Que me'n direu2 Ell un frare llech se'n anó a
treure apgo des pou, p me troba's poal tot florit,
amb unes flors lo més atepides, lo més fresques,

lo més fines, amb una oloreta que embalsamava,
just una olor del cel.

Aquell frare qu'havia confessat es lladre, llavò
se recordà que lí havia dit: tan possible es que
Deu te perdón, com qu'es poal des pou floresca.

Era que Deu l'havia perdonat.

4
",NA
174,"TI VIII Qi óÓ l

duu: l

I

UNA QUI NO VOLIA PASTAR 2 l

ses es I

l

4

XÒ era un homo que tenia sa dona molt /

caparruda, P ell que no fepa Veta tam- /

poch. l

Un dia que casi no hi hagué pa per dinar, ell /

diu: l l

—Dona, a veure si pastes demà. I

—Ja pastarús tu si tens pastera, respòn sa l

dona. : i

—No, ell serús tu, diu ell.

—Idò no hu seré, per molt que t'enravans. /

Ell, per capturarla, sabent lo xarradores que /

son ses dones, va dir: l

—No res, pastarú es qui primer diga cap pa- l

raula. . l
(1) La'm conté Na Juana Ayna Mayol y Sales, de Pollensa.
",NA
175,"176 RONDAYES MALLORQUINES

Ella amb so cap digué que sí.

Y allú los hauríeu vists tots dos boca closa tot
lo sant decapvespre p tota sa vel-lada, p Se'n ana-
ren a jeure, p s'adormiren sense haver dit res
pus.

Lo endemú dematí se desperten, però ni un ni
s'altra se mogueren de dins es llit ni provaren de
axicarse, per no veure negú y no caure en la ten-
tació de conversar.

Se feren les vupt, se feren les nou, se feu mitx
dia, V ells dos allargats dins es llit, amb s'esque- n

I na girada p boca closa, lo metex de morts.

Es veypnats, veent la casa tancada, comensen
a tenirne mal de ventre, Y a demanarse ells amb

ells si han reparat qu'obrissen Ò se'n anassen.

Negú los havia vists blanchs ni negres, ni ha-
via notat ni sentit qu'obrissen.

—i Que seria cosa qu'haguessen tengut cap
denou2 arribaren a dir es vepnats.

Se'n van a ses portes, P /ochi foch.

Negú respòn.
Tornen tocar més fort, Ç manco.

Se'n van a donar part a n-es bal-e.

Es bal-le s'entrega amb so serraller. Toca p
- torna tocar, però hi anaren ben alerta es dos

betzols a moure-se ni, a respondre, per no haver
. de pastar.

Es serraller aquí, d'orde des bal-le, afica uns
ganxets dins es panps, p obri.

7
",NA
176,")
UNA QUI NO VOLIA PASTAR 177 l
I
Se'n entren: no veuen ni senten negú. Se'n i
van dins sa cambra, P los me troben dins es llit, l
allargats, ups cluchs, alenant ben prim, fent es
mort. j
Bé los eridaren p los estamenetjaren: no los I
pogueren treure cap parauleta, ni ferlos obrir ets di
UPS ni res.
—ICal jcal diu es bal-le. Axò es que son morts. /
No res, amortapaulos abans de més raons, Y jcap a /
n-es cementeri a taparloS de terral Ç en sortirem. i l
éQue me'n direu2 Ell tant un com s'altre, per I
no badar boca, se dexaren amortapar Y posar dins
sa caxa, P consentiren que los se'n duguessen a I
n-es cementeri.
—jE-hu veurem qui seró que pastaràl depen sal
tots dos, entre sí meteps, com los se'n dupen. /
Com los tengueren en es cementeri, resultà Bel
que's fosser havia feta una gaveta p'es primer que I
li durien, p diu a n-es vupt portadors: i
—4iQue'ts enterram plegatsP I
— Ben pensatl diuen aquells: plegats en vida,
plegats en mort. Li
—No res, idò, dupslosme, diu es fosser. El
Los duen a sa gaveta, p un diu:
— gi Quin posam primer2 4
—S'homo, qu'es més fexuch, respòn es fos-
ser, /
Aquí. ell veent qu'anava de ver, no pogué
aguantar pus, Y diu tot rabent:
",NA
177,"178 — RONDAYES MALLORQUINES
—3A poch a pochl iNo vup jo estar devalll
—Idò tu pastarús, digué sa dona, tota remo-
lesta p axicantse de dins sa caxa.
Fosser p portadors fogiren com cent mil dian-
I tres, p es dos carronyes se'n anaren a ca-seua, P
ell hagué de pastar.
i
t
",NA
178,"vs a Et, ió dt fa Ta Di ates dé L ae — I
. Na El
ed

ds rel Drac ee se A a rer amo ia SORRA LV Te I
LS i
l 1:
El

Vocabulari l

de les paraules y frases més males d'entendre per un l
qui no es mallorquí, que hi ha dins aquest Volum II I
y que no son dins el Vocabulari del Volum I. I
i
Abillat,-da: empantanat, espantat, com que veure vi, 3 i
sions, il
Abolitse una cosa, desferse, desaparèxer, l
Abrinat,-da: tot bri, energia, ""l
Acabar es menuts: acabar la paciència, els recursos. i
Acoquinarse: acovardarse, arrufarse. di
Aficar a un es gat dins s'esquena: engatarlo, embria. l
garlo. i
Aglú: fruyt de l'alsina. No anar d'aglans vol dir no I

voler una cosa y defogirne.
Alsar xella: prosperar.

Alsurat,-da: inquiet, alt de punt, enfadat, escitat, enfo- i
riolat.
Am escat: que té l'esca (menjar) posada. 3 /
Amagatetjons (anar d'): anar d'amagat, que'ls altres no /
s'en temin.
Amollar una cosa: dirla. I
2
I
I
",NA
179,"180 RONDAYES MALLORQUINES
Amatent: afable, comunicatiu.
Anar sorrer: pesat, cansat, dur molta sorra (arena).
Andratx: poble de Mallorca, a l'estrem de ponent.
Arredossar: arrecerar, defensar de l'ayre.
Astancar: tancar una ferida.
Astugós,-sa: un que les coses de menjar li repugnen
massa, si no son ben netes.
Atabuxar: atropellar, fer afanyar, donar mala vida a
qualcú. ú
Atlotell y al-lotell: derivat d'albl: noy, minyó, de dotze
Ò tretze anys fins a desset Ò devuyt.
Axamenar: veyau examenar.
Axamplar es potons: morirse.
, Axecar un exam: posarlo dins una casera.
Axecar una lloca: treurela del niaró y ferla menjar y
beure.
Babaluet: beneyt.
Badiu: amplitut, espay:—la terra conradissa que no està
sembrada y es pastura o ermàs.
Bajà,-na: beneyt, toxarrut, estúpit.
Baldor: abundància.
Ballar l'aygo devant a qualcú: donarli gust, guanyarli la
voluntat.
Ballugadís,-ssa: que's balluga, que's remena, que's mòu
molt, com un qui balla.
Banch de beyes: conjunt de cases de beyes, una casa a
n-el costat de l'altra. :
Barbatxo: barbre, grosser, sauvatge.
Barruga: torcedura que fa una corda que la torcen, si no
Pestiren abastement.
Barrumbada: aygat gros, tempestat d'aygo.
Baubetjar: trampoletjar, vacilar.
",NA
180,"dr : L a. /
. , A :
VOCABULARI i81 1

Bebetlana (a la): sense mirament ni reflecsió. /

Benetjar: havern'hi abastement d'una cosa, havern'hi El
qu'estiga bé. h 4

Beninòni: beneyt, que li falta un'aygo. / È

Besquetjar: cercar, procurarse una cosa. Ú / / ó

Béula: dona carronya, toxarruda, estúpida. di cv)

Beure-se's seny amb una cosa: perdrelehi, tornarhi bòtx. I I /

Bofegar: fer bòfegues, alsarse bolles o inflons a una su-—/ /
períicie a consecuència de cremarse. L'ils

Bolcar qualcú: guanyarli, Bolcar un nim petit vol dir fa-— fel.l
xarlo, embolcallario. I

Bonda: bondat, bona conducta.

Borinetjar: fer el borino, dir coses petit a l'oreya de l
qualcú. /

Bossot: taleca de pastor.

Bota de mena: bota petita de quatre o cinch  cortins.

Bovetjar: jugar, faltar a la formalidat.

Brèvol,-la: flux, fràgil, frèvol.

Bril: abril. i

Brocal: espècie de barral. L

Caberbòni: embuy, negoci, questió. I À

Cadella: cussa.

Cadellet de molí: bastó d'uyastre fermat ab una corde- ME
llina a n-el canalet de la pastereta del'gra, y que frega I
per demunt la mola y fa tremolar el canalet y cau-
re'l gra dins les moles. Com sol fer un renòu espès y
seguit, d'un qui conversa molt aviat, diuen qu'es com eL)
un cadellet de moll. i

Caera: casera, derivat de casa.

Calarse una cosa: menjarla-se.

Caliuera: molt de caliu.

Cama de foch: molt caminant. a)

T. Ms—i2.
",NA
181,"182 RONDAYES MALLORQUINES

Capdepera: poble de Mallorca a l'estrem de llevant.

Capsana: anell gros de llatra de càrritx o bé de roba, un
toxarrut, estúpit.

Cap serrat: cap o costat de muntanya tallat a plom de
dalt a bax.

Carrera uberta (anar): depressa, correns.

Casa alta de plors: que hi ploren fort.

Cúvech: eyna de conrador: espècie de pala de ferro
triangular, ab mànech, pero formant àngul agut ab
ell, per aplegar la terra o lo que sia.

o Cendre: No cendre un de son cedàs vol dir: no sebre un
que's pesca, quin cap li va devant, anar molt preocu-
pat d'una cosa.

Ciprell: arbust, lo que'n castellà diuen brezo.

Comallar: regueró llarch, fondal en forma de vall. Deri-
vat de coma.

Coques-rosades: coquetes de sucre, redones, d'uns tres
centimetres de diàmetre y d'uns quants milimetres
de gruxa. :

Coval: còva gran.

Cremar oli ab una cosa: dedicars'hi, estudiarho molt.

Cremayonada: cremada, acció de cremar.

Criat,-da: domesticat. Tenir criat un animal vol dir te-
nirlo ensenyat d'una cosa y ferlehi fer en voler.

Culada: cop ab les anques.

Cucuyó: el cap de més amunt d'una cosa que acaba en
punta.

Dauli terra a n-aquest cep: Se diu. escitant a contestar
una cosa mala de contestar.

l Descapdellar: dir lo qu'un té que dir.

Descarabutar: desbaratar, desfer.

Desiara: d'en tant en tant.
",NA
182,", j
VOCABULARI 183
f
Desnossar: llevar la popa a un òs. /
Dexar un en es siti: vencerlo, dexarlo sense resposta. ui I
Donar a rebre: morirse.
Donar set voltes a un : guanyarli de tot. A
Dur busques a n-es niu: replegar, guanyar, atresorar. /
Dur la casa: cuydarse'n, atendre a les seues necessitats, el
tenirhi esment a ferla anar bé. l
Dur sa mosca: anar enfadat. I
Embarbollar: dir paraules, un nin que comensa a con-
versar. i
Embellir: fer bell, fer gòtx. i
Emblanquinar: enganar, fer creure una cosa que no es l
vera. l
Emblavins: impertinències, astúcies, habilidats. l
Empantanat,-da: espantat,
Empapussat: tap, capa d'una cosa espessa. Com adjectiu l
vol dir: carregat, que hi ha massa coses, lo contrari /
de la sobriedat. /
Empenyalat,-da: posat demunt penyals, que no pot passar Mt
ni envant ni enrera. l
Encaradís, -ssa: voluntariós, posar massa promte la vo-
luntat ab una cosa.
Encarós,-sa: encaradis. i
Enflocarse una cosa: menjarla-se. /
Engaltarse: un'eyna de tall, si no talla dret, axò es, Si's
torç tallant, diuen que s'engalla, axò es, fa galta. ,
Enrengar: comensar, emprendre una cosa.
Enrevisclat, -da: mal d'entendre, embuyat. l
Enserregar: posar el sèrro a la filoa.
Entrecuytarse: arribar abans d'hora, fer una cosa massa
prest. I
Entregarse: venir, arribar.
",NA
183,"7 4 utitamis: I
184 RONDAYES MALLORQUINES
l Envitricollat, -da:: embuyat, embolicat, mal d'aclarir y
d'ordenar.
Esborrat, -da: malalt, mal fet.
Esmus, -ssa: malhumorat, engronyat. Axò es el sentit fi-
gurat, en sentit propi se diu de les eynes de tall que
no tallen, lo que en castellà diuen embotado.

Esquellat, -da: se diu d'una bistia que li han posada es""
quella.

Esser de s'uy des vent: molt viu.

Estabetxos (fer): moure-se molt, estamenetjarse, ballu-
garse, fer renou. i

Estabó: renou, remor, brugit.

Estorat, -da, y millor 4s/oral, -da: espantat, esplayat.

Esbessonar una cosa: llevarli'l bessó.

Esbrellar una cosa: croxirla, ferla miques.

Escorbeys: un joch de bastons voltats ab tres travessers,
que va demunt el bast de la bistia, penjant per cada
banda, y es per dur fexos de llenya y garbes.

Escossada ('guya): sense cós (el foradi que fa a n-el cap
gruxat per passarli'l fil).

Escotiflat, -da: mitx malalt, malfet.

Esmocar: llevar la moca (la ventresca) a un animal.

Espareguera: la planta que fa espàrechs,

Estam (treure s'): ferho de tot, treure lo millor qu'un té.

o Estam: flor de la llana, lo més fi de la llana.

Estorfeyar: esclafar, esflorar els pebres passats p'el forn
antes de moldrelos.

Eufana: font qui brolla a lloch pla.

Examenar: fer exams.

Fabiol: flauta petita.

Falaguer de llengo: llengo llarga, que conversa molt, diu
qualsevol cosa.
",NA
184,"/
VOCABULARI 185 i
Feristea: cosa feresta, ridicula, que fa riure. i
Ferrada: receptacle cilindrich, de test, aont cau la llet en I
monyir el bestiar. Sol tenir devers dos paums de I
diàmetre y altre tant d'alsada. Posar un cap com una : Miret
ferrada a qualcú, vol dir: dirli moltes de coses y fer- l
leshi creure o donarli maldecaps d'allò y préocu- dE
parlo.
Fer cuyro: morirse.
Fer estelles d'un cap o d'un altre: vol dir: Prendre una re- I
solució.
Fer felló, -na: fer curt, enfadar, ofendre. :
Fer matx: fer llarch, fer gros, pegar fort a una cosa. /
Fer sanch a un: conseguir d'ell lo qu'un vol. i
Fer es cuch de s'oreya malalt a qualcú: repetirli molt una i
Cosa.
Fer es val Deu: acabar una cosa. 4
Ferse s'esclafit: casarse: resoldre-se una cosa.
Fer s'uyastre esbrancat: posarse amb lo cap en terra y ca- /
mes al ayre y axancades. I
Fer tech: topar, arribar a lo qu'un vol. I
Fe't si't vols fer: se diu d'una cosa que l'abandonen.
Fer veta: gastar molt. No fer vela vol dir: no quedar de- — l
rrera. al
Fió: dimin. de fiy. /
Fitol'lo: lo que queda del menjar si no s'ho acaben, una
cosa que queda d'una feyna que fan y que no hu
acaben. mi
Flotó (de gent): boldró, redol de gent. Es un diminutiu /
de flota.
Forch d'ays: enfilay d'ays, fent una llatra o trena de les
cóves.
Galin'orba: cuca que's fa devall terra a lloch de fems. En
no navegar, està arruellada.
",NA
185,"186 RONDAYES MALLORQUINES
Garangola (fer sa): dur qualcú a fer qualque cosa, in-
duirlehi.

Garangola: clot que's fa entorn dels ceps y de la soca d'un

abre.
Gatinyarse: barallarse com els gats.

Gavardina: espècie de levita que s'usava altre temps a
Mallorca.

Gavatx: ventre dels animals de ploma.

Gent de qui hi ha dalt: gent grossa, rica, noble.

Gotineua: gota molt menuda.

Grandiet: molt grandia, el sol alt.

Grell: les porcions simètriques de que's compòn la ta-
ronja, l'ull que surt del pom de la ceba.

Gremoletjar: pidolar, demanar ab insistència y d'una
manera indirecta y enfadosa.

Guimesl: interjecció.

Guinavet: ganivet Ò gavinet: arma: de tall.

Haver: No haverhi dona per una cosa vol dir que tal dona
no es capaç de fer aquella cosa.

Herbey: lloch de molta d'herba y grossa.

Hereuatge: herència.

Juvevert: planta: en castellà perejil. /Es vert es juvevertl se
diu per espressar qu'una cosa encara està enrera de
poderse conseguir.

Llambre: lluentor, resplandor. Ho diuen els pescadors, de
la lluentor que fan els pexos ab llurs escates, ne-
dant.

Llayt: gast pecuniari.

Llemugues: el grex del porch fet bocins, que, a forsa de
ferlo bollir, li han tret tot el saim, lo que queda,
son les llemugues. :

Llemuga: un que fa poca via, un que no'n poren treu-
re res en net, de beneyt.
",NA
186,"VOCABULARI 187 l
Llenegada: l'acte de llenegar, relliscar, qu'en castellà diuen
resbalar.
Llépol, -la: golafre, golós, massa afectat de coses bones. 3
Llop-volant: un mal molt fort que pega a n-el bestiar de
pel y de llana, y el mata. Es contagiós. Era a les pos-
sesions de marina, y diuen que pervenia de les ay-
gos salabroses. Des que'l bestiar beu d'aujubs, tal
mal s'es abolit.
Mach: pedroli.
Malambrós, -sa: mal humorat, enfadat, aspre, de mals
arrambatges.
Malapendi.,. tal cosa: se diu per maleirla.
Malaxamús, -ssa: de mal humor.
Mal'ombra (dur): dur males intencions, esser sospitós.
Mànech: 4ra li fan es mànechl se diu per espressar que
una cosa no es tan bona de fer com se creu qualcú,
o bé qu'està molt enrera d'acabarse.
Marxando, -da: venedor ambulant, pòlissa, dolent.
Marruell: temporal, renou, avalot.
Mastegar fasols: un que no dia lo que sent, que no par-
la clar perque no li convé, que fa aposta de no esser
esplicit.
Meèna: mentida, un qui diu mentides.
Menjar-blanch: plat dols que's fa de llet, vermey d'ou y
pols d'amidó.
Mès, -sa: satisfet, resolt.
Matjencarse: No sebre un que's maljenca significa que no
sab que's diu.
Matjencar: la segona cavada que's dona a les plantes, gi-
rar, remoure amb un càvech el femer per que's fassa
millor.
Milana: animal de ploma, carnisser.
",NA
187,"188 RONDAYES MALLORQUINES

Morretjar: refusar, tractar malament, rebrotxar.

Mostel: es un'espècie de lo que en castellà's diu coma-
dreja. Mata l'aviram y li xupa la sanch.

Murtons de floquet: bons, grossos: (la fruyta de la mur-
tera).

Nigulat: núvol.

Oreyam: el joch de orelles, les dues orelles.

Oreyana: classe de pasta frita, que fa uns fulls molt prims
ys menja ab mel y sucre. Per la forma que té, sem-
blant a una oreya, s'en diu ereyana.

Pa d'En Pou: pasta de blanch y vermell d'ou y pols d'
amidó ben rebatut tot, y li donen diferents formes ab
un mol'lo. ,

Palanquetjar: malavetjar, esforsarse, fer molta de feyna.

Pam: paum, palm.

Pan-fonteta: pa amb oli, vinagre y sal. — Una cosa de pan-
fonteta vol dir qu'es poca cosa, que no val res.

Pastera: receptacle aont posen la farina y la hi pasten:
També vol dir ganes de pastar.

Patxorra: paresa, vessa, indolència.

Pècora: animal, carronya. I

Pedreta: Estar a ses tres pedreles vol dir a punt de morir.
Tenir a ses tres pedretes qualcú vol dir tenirlo apurat,
a punt de morir.

Pegarse a una cosa: dedicarse a ferla.

Pegar un porro a un: enganarlo ab una compra.

Perameny: pera grossa.

Peramenyer: perera que fa peramenys.

Perdre s'ase y ses magranes: perdre'l temps, perdre'l
nort ab una cosa,

Petgellar: tallar un tros d'una fruyta per tastarla.

Peu rossech (anar): caminar rossegant els peus, de flu-
xedat,
",NA
188,"VOCABULARI 189
Pitxorina: viva, desxondida, pòlissa, desperta de potèn-
cies.
Posar forqueta: aturarse. Vé de que'ls carros de dues
rodes, que son els usuals a Mallorca per traginar, en
haverse d'aturar, els-e posen una forqueta per que
s'aguantin tot sols. :
Potxa: sortida graciosa, berba.
Pretenir de cames primes: tenir pretensions.
Primarell: els bocins massa prims del fil, que surten tot
filant.
Puranda: beneyta, que li falta una saó. —
Pur desayre (un): una cosa insignificant que basta per
produir un efecte. Morirse d'un pur desayre, vol dir
qu'una cosa de no rés bastarà per ocasionar la mort.
Qualcú de qui hi ha dalt: Veyau més amunt: Gent de quí
hi ha dall.
Rabiu, -ua: rabent, ardent, resolt...
Rays: plural de raix.
Rebosillo: vel especial que duen les pageses mallorqui-
nes, que les tanca la cara y les cubrex el cap y les
devalla per devant, acabant en punta fins devers els
pits. Sol esser de punt y enravanat. També n'hi ha A
4 de roba espessa, le hi solen dur les veyes.
Redó, -na: ple, atipat, sadoll.
Referse: mudar de parer. I
Regositjar: tractar bé.
Regositjat, -da: ben tractat,
Regrux: un aument de grux que fa una cosa qualse-
vol.
Retxillera: forat llarguer, junta uberta, per ont passa
l'ayre.
Riure-se des sant y de ses xeremies: riure-se de lo més
",NA
189,"190 RONDAYES MALLORQUINES
sagrat, A les festes de poble solien y solen encara
sonar les xeremies per ballar y per les corregudes.

Saboneral: clapa grossa de sabonera, escuma.

Satria: satrí gran.

Sebre del llim de les olles: sebre molt y de moltes de
coses.

Sedeny: classe de corda, la mitat de serres y la mitat de
cànyom. Fa quatre cordells de tres cordellins cada un.
Servex per menar les bisties.

Sibina: abre de pinar y d'arena, molt reinós y aromà-
tich, de la familia del cipré.

Sofrit: sofregit (tomàtiga, grell, ay y juvevert frit amb
oli o saim) per posar a un aguiat.

Soley: sol.

Soleyada: sol molt fort.

Solquetjar: malavetjar, esforsarse per una cosa.

Sonera: ganes de sonar.

Sopegar: travelar, offendere.

Soyar: embrutar.

Talabant: boci, tallada, tròs.

Tastanetjar: estar molt prim, un que casi no s'aguanta.

Tayar el vent a un: desbaratarlo.

Tenir sa professó entretenguda: fer esperar la gent.

Tenir un de copes: tenirio en terra, caygut.

Tenrum (des fus): el cap més gruxat del fus.

Tevella: rua que fa la roba, els budells y la pell d'un nin
de mamella molt gras,

Tirurany (l'any): fa molt de temps, un temps molt lluny.

Toar: la pasta posarse a punt d'enfornarla.

Tornar tenir es ram dins es revell: trobar una nova difi-
cultat.

Treguedor: que's pot treure.
",NA
190,"I VOCABULARI 191
Trencafila: divisòria, partió, paret prima, baxa, que divi-
dex un espay.
Trescar les beyes: anar per les flors y fer via a les bres-
ques. I
Treure faves d'olla: comensar a anar bo d'una malaltia,
recobrar les forses.
Treure sa carn de s'olla a qualcú: passarli devant, pren- DR
dreli una cosa qu'aquell volia, axò es, conseguirho
primer y aquell romandre. sense.
Triquet: temps oportú per una cosa. is
Trunyella: trena, trena dels cabells que's fan les pageses I
mallorquines. l
Vèssa: peresa, indolència. l
Veure: No veure qualcú blanch ni negre, vol dir: no veure'l Met i
de cap manera, en lloch. /
Veure bellumes: flaquetjar la vista de fluxedat, no veure l
les coses clares. 1
Vimetjar: engronsarse, anar balder, anar y venir: lo que
en castellà diuen: cimbrearse. l
Vitench, -ca: viu, de molta de vida. Li
Volant: un vel per l'estil del rebosillo, pero que adevant i
no acaba en punta, sino en redó Y fa tevelles, y de- l
rrera també s'estreny ab un tevellat per adaptarse a
la forma del cap. l
Vorera: vora, costat. No locar voreres una cosa a un, vol /
dir: menjarla-se depressa, engolirla-se,
Xalar: passar molt de gust. Bi
Xarrador, -ra: un qui xerra molt. /
Xarruch: vell, jay.
Xeroy, -ya: un que li falta un tros d'oreya. 9:
Xoroy, -ya: veyau Xeroy. I
Xorrèstich (poch): poch menjar, anyada dolenta, gra
magre, pastura dolenta.
",NA
191,"Gogles Cada dd de tia - i j 3 La
P dant RE Ma Sa Ci) Le IDE era econy EES Erriai MA) POR CVC a SMS LE ia SP Rde
ies ma Mida Best ls ep Na ""0t se la der ES ul
3 Ju aS UEa OAUUUE Ed rela tel eren Bel es Careç Ed jar a Denis a 2. il. i J
Ç da, ae 3 4 na a I en ga Es SS
£ i v - 4 a ms dc a : da J R Na 4) a divi o Mr .
Cr
Sa
: TAULA ES
I LE an E.
may: X era di
E j L EN A i
qe aa
: de qui 4
4 Pl: na ven 4
LO UBa Pere Tort v.ò Qi is d'E
La fia del Sol ide la Lluna . "". AA
L . CN i
l La primcèsa bella . ..—. te le EE
, Es fiy des Pescador... . o. Ju dal
La Horromanial: s.l. o. a
Sa comtessa sensa brassos ..—.. 4. Ja 4
ns Ó NA TE:
Es pogtHòrits Gi ea les in ade El 170:
OO Una qui no volia pastar ,7. 4. 4. 4 15
- : Els El Ò
È / GA
4 al
EM
a.
Vs
É ct d È
et
ED ne Red
L Et
ri - er /
Un, 4 J
- h 4 Ç 4 ent al 4
296 art ah ca da ç 4.4 darcel a
ep € pl EC a DES 1 eg' 4 a . a Es 48, "" dd da ed Ne, j
",NA
192,"De EE OD I des li
ges ha A Cia du Ll hi ii i dt (Me ha É. si MM ió Pi Ra :
—OERRADES MES DE NOTAR D'AQUEST TOM Il
Plana —Retxa Diu Ha de dir
: 7 18 —alagar allargar
25 7 —tonoy re-foy
20 22. y me té y Ja me té
39 24 —'lleugueres lleugeres
39 2. —dessuarú dessuarà
46 3 ""A n'xo an axò
, 4 fòt fòtil
ies a, 19 — m'ha cavgudet m'es caygudet
55 i2 Ohavja havia
5) i2 es mitx a's mitx
66 22. demés dames
68 16 mos posam mos esposam
74 i ella s'afica ella s'hi afica
79 07. estillada — —estilada —
85 23. vida vida
158 17 — tornat axancar tornar axancar
343 23 fablolet fabiolet
155 29 ehi le hi
304 19 —millons milions
",NA
193,"unic das MP Gili tra a cal feia i El ul dot 4 en Su EC Es hd I sin he ig hi. dis éy
ap Ans CAE pes CENS Ra el eaiet ELS ZONA IS
BE NAS ETS EA, Pr ESE Mc ei etat
i j S'uar i Mr trial ea ae ap, di Al
A Me Qui Ú
4 EA CE Si SAR Li. d
ADVERTENCIA Ri
3 CU Ed d'E
ja qe a m3 ML
i cen Va A
/ RA,
. aa hi id cal he .
Fins a la plana 100 l'autor no pogué co- — le: l
rretgir les proves perque no era a Mallorca, — cal
5 Li cis Nies any
v per axò no es d'estranyar que hi haja "" UE
qualque grafia que no pertenex an el seu Dec:
i A
— sistema ortogràfich actual. Que hu tenga en ——
ME in,
—— conte'l lector. els
vé na dl i
gen Mater
, dd ris ii
Ú a
é e (o BA . dE ca ls i
BR
À EE se) Cd HE A
Ro XX) Cm
USEE Lo at De: 1
a
Lo A
4
i l ció
I gi Ni y
A ed
Ú Date (dt
des v EN.
l UE Ne pet. 1
l a
ed
/ l a.
Cr EO
dl
Me Cra jo.
La vi i del.
l / xa i
cai LA
Í . . a ie RX
AE: at i A
ort die Sri EAC UE
as MU ge MEL llanes a NS La AS: Es i ESA aa EI
",NA
194,"- A ee ets
ru L a dg s'a Ei nt EE Codermbèci dte 4 Perd de Des . : 4
eta, da dd 4 dal re, GL, sell i EE ay i RcteSp Ral dè LA el za tal Seu)
dens Aiiac tas a SRaS i iieia CSUU tora are i ia La Ne Pl
EE a ral En eq Va AE és Terciari
ie A a EC a Bei cat ED Es pa DR sr Sen rra
sta apa pt SE i de dec aa —
i ie. ur. is "" Ei i, co I L ""I R : eq h al . sa ) 4 V A - j .
sia 4 sp ç di I é sl i t
Sal dal i. I a - vd a dni
Is: eres 1 : Ho
re ee ad hort
ct Ti era . Af Mimó)
—P ll 8 3 E SE dé : A 4
ee i S
h Hi el 4 , 3 Ai i
a: ep: L : 3
a pe Si L dt Ó A i en ""
o Aquest tom IL de la 38 edició de l'APLECN
i me 4 i : 5
DE RONDAYES MALLORQUINES S'ACADÀ l
a d'estamparse a la Ciutai de Ma-
i. et lorca dia l.er de setembre 8
Mer IN 2, , Ò da : Ó El PE es d Mig:
ee Ci: — de l'any del Senyor xi
Die 1 - h 19 25 - d Ne
dE pr sa I : ea alli,
i ae 54
ml : sa
1 d'es s . As v Les A dg —
ha 1 cens de ML),
peti ae l a i
JS UC ve la a h
OS ue dl LL 4 I i :
es Al : - a Ui,
a 3 Di: all h 3 £ ,
SR j . v ,
air. í Es CA a o AA
ric i. ve ap Mr
, De : ei. ee. -l ç
di N ""altes : de,
TA Pe Tres
EN Dra vl"" 5 Ò 4 í
Le d'E
o ic eRaEia olor l
ja 4 Biert I L EE L H ( I z
Es da de 3
i 3 A : . Ll ""i
si pi 4 Ei. : i 1 :
ç Es Pe : 7 d —— al
en Sau NE PaasEtas
ta aa tea Die dE IC ler May, A ae
a AE Elles EBA dE a els AE
DE tè ie da ES UA des a AS tt ad de NA ures
",NA
